"Event no.";"Title";"Venue codes";"Venue";"City";"Promoter no.";"Promoter";"Provider";"Tour title";"Event time";"FC";"Ticket layout";"Continuous event"
"53";"Test Tanja";"336";"SNG Maribor";"Maribor";"11600";"80:Eventim SI d.o.o.";"80:Eventim Si d.o.o.";"Test Tanja";"Tue, 10/01/2019 19:00";"1";"ET_SVN-veliki logo";"No"
"62";"3. Cosmo konferenca";"1198";"Mestni muzej Ljubljana";"Ljubljana";"10686";"80:AM Ljubljana d.o.o.";"80:Eventim Si d.o.o.";"3. Cosmo konferenca";"Mon, 09/30/2019 15:00";"2";"22% DDV";"No"
"3";"SP v športnem plezanju Kranj 2019 - FINALE 29.9.2019";"951";"Dvorana Zlato polje";"Kranj";"11214";"80:PLANINSKA ZVEZA SLOVENIJE";"80:Eventim Si d.o.o.";"SP v športnem plezanju Kranj 2019";"Sun, 09/29/2019 17:00";"2";"SVN - OK NOV";"No"
"39";"Mi2";"31";"Klub Bazen Kranj";"Kranj";"10498";"80:Društvo Bazen Kranj, kulturni center";"80:Eventim Si d.o.o.";"Mi2";"Sat, 09/28/2019 21:00";"1";"SVN - OK NOV";"No"
"4";"SP v športnem plezanju Kranj 2019 - POLFINALE 28.9. in FINALE 29.9";"951";"Dvorana Zlato polje";"Kranj";"11214";"80:PLANINSKA ZVEZA SLOVENIJE";"80:Eventim Si d.o.o.";"SP v športnem plezanju Kranj 2019";"Sat, 09/28/2019 20:01";"2";"SVN - OK NOV";"No"
"104";"GUŠTO GRE NA ROMANJE";"103";"Kulturni dom Nova Gorica";"Nova Gorica";"11225";"80:Talija gledališèe";"80:Eventim Si d.o.o.";"GUŠTO GRE NA ROMANJE";"Sat, 09/28/2019 20:00";"1";"ET_SVN-veliki logo";"No"
"54";"ADI SMOLAR - 60. OBLETNICA";"11";"Celjski dom";"Celje";"11608";"80:Sanela Flisar Stankoviæ, s.p.";"80:Eventim Si d.o.o.";"ADI SMOLAR - 60. OBLETNICA";"Sat, 09/28/2019 20:00";"1";"SVN - OK NOV";"No"
"587";"KRIZA SREDNJIH LET Špas teater";"83";"Kulturni dom Mengeš - Špas Teater";"Mengeš";"10163";"80:KD ŠPAS TEATER";"80:Eventim Si d.o.o.";"KRIZA SREDNJIH LET";"Sat, 09/28/2019 20:00";"1";"ET_SVN-veliki logo";"No"
"2";"SP v športnem plezanju Kranj 2019 - POLFINALE 28.9.2019";"951";"Dvorana Zlato polje";"Kranj";"11214";"80:PLANINSKA ZVEZA SLOVENIJE";"80:Eventim Si d.o.o.";"SP v športnem plezanju Kranj 2019";"Sat, 09/28/2019 20:00";"2";"SVN - OK NOV";"No"
"27";"KURZSCHLUSS: BORIS BREJCHA - RAZPRODANO";"771";"Gospodarsko razstavišèe";"Ljubljana";"10250";"80:Èrni Poni d.o.o.";"80:Eventim Si d.o.o.";"KURZSCHLUSS: BORIS BREJCHA";"Fri, 09/27/2019 22:00";"5";"ET_SVN-veliki logo";"No"
"669";"SHORTPARIS";"20";"Kino Šiška";"Ljubljana";"10287";"80:Kino Šiška";"80:Eventim Si d.o.o.";"SHORTPARIS";"Fri, 09/27/2019 20:00";"1";"ET_SVN-veliki logo";"No"
"349";"LUKA BASI - DALMATINSKA NOÈ - RAZPRODANO";"79";"KRIŽANKE";"Ljubljana";"11394";"80:EVENT24 d. o. o.";"80:Eventim Si d.o.o.";"LUKA BASI - DALMATINSKA NOÈ";"Fri, 09/27/2019 20:00";"5";"ET_SVN-veliki logo";"No"
"588";"KRIZA SREDNJIH LET Špas teater";"225";"KD Loški oder Škofja Loka";"Škofja Loka";"10163";"80:KD ŠPAS TEATER";"80:Eventim Si d.o.o.";"KRIZA SREDNJIH LET";"Fri, 09/27/2019 20:00";"1";"ET_SVN-veliki logo";"No"
"28";"KURZSCHLUSS: ROISIN MURPHY";"771";"Gospodarsko razstavišèe";"Ljubljana";"10250";"80:Èrni Poni d.o.o.";"80:Eventim Si d.o.o.";"KURZSCHLUSS: ROISIN MURPHY";"Thu, 09/26/2019 21:00";"1";"ET_SVN-veliki logo";"No"
"453";"20:30 / 1/2 FINAL";"1";"Dvorana Stožice";"Ljubljana";"10616";"80:Odbojkarska zveza Slovenije";"80:Eventim Si d.o.o.";"1/2 FINAL";"Thu, 09/26/2019 20:30";"2";"EUROVOLLEY";"No"
"586";"MENOPAVZA, Špas teater";"83";"Kulturni dom Mengeš - Špas Teater";"Mengeš";"10163";"80:KD ŠPAS TEATER";"80:Eventim Si d.o.o.";"MENOPAVZA";"Thu, 09/26/2019 20:00";"1";"ET_SVN-veliki logo";"No"
"588";"KRIZA SREDNJIH LET Špas teater";"103";"Kulturni dom Nova Gorica";"Nova Gorica";"10163";"80:KD ŠPAS TEATER";"80:Eventim Si d.o.o.";"KRIZA SREDNJIH LET";"Thu, 09/26/2019 20:00";"1";"ET_SVN-veliki logo";"No"
"451";"20:30 / 1/4 FINAL";"1";"Dvorana Stožice";"Ljubljana";"10616";"80:Odbojkarska zveza Slovenije";"80:Eventim Si d.o.o.";"1/4 FINAL";"Mon, 09/23/2019 20:30";"2";"EUROVOLLEY";"No"
"89";"PERPETUUM JAZZILE - PRESTAVLJENO IZ 13.4.2019";"155";"Športna dvorana Marof";"Novo mesto";"11267";"80:IZSTOPAJ d.o.o.";"80:Eventim Si d.o.o.";"PERPETUUM JAZZILE";"Sat, 09/21/2019 20:00";"1";"ET_SVN-veliki logo";"No"
"6";"SIDDHARTA";"472";"Športna dvorana Šenèur";"Šenèur";"11545";"80:MARUŠKA KORELC S.P.";"80:Eventim Si d.o.o.";"SIDDHARTA";"Sat, 09/21/2019 20:00";"1";"ET_SVN-veliki logo";"No"
"347";"Marko Hatlak Band";"79";"KRIŽANKE";"Ljubljana";"10005";"80:Festival Ljubljana";"80:Eventim Si d.o.o.";"Marko Hatlak Band";"Sat, 09/21/2019 20:00";"1";"Festival Ljubljana";"No"
"1";"ALL STAR NIGHT - Live";"1159";"MUSIC PARK BIVJE";"DEKANI";"10496";"80:MEDIA TEAM D.O.O.";"80:Eventim Si d.o.o.";"ALL STAR NIGHT - Live";"Sat, 09/21/2019 20:00";"1";"SVN - OK NOV";"No"
"589";"KRIZA SREDNJIH LET Špas teater";"615";"Gledališèe Koper";"Koper";"10163";"80:KD ŠPAS TEATER";"80:Eventim Si d.o.o.";"KRIZA SREDNJIH LET";"Sat, 09/21/2019 20:00";"1";"ET_SVN-veliki logo";"No"
"450";"17:30 / 1/8 FINAL, 20:30 / 1/8 FINAL";"1";"Dvorana Stožice";"Ljubljana";"10616";"80:Odbojkarska zveza Slovenije";"80:Eventim Si d.o.o.";"1/8 FINAL";"Sat, 09/21/2019 17:30";"2";"EUROVOLLEY";"No"
"677";"SLEAFORD MODS";"20";"Kino Šiška";"Ljubljana";"10287";"80:Kino Šiška";"80:Eventim Si d.o.o.";"SLEAFORD MODS";"Fri, 09/20/2019 20:00";"1";"ET_SVN-veliki logo";"No"
"589";"KRIZA SREDNJIH LET Špas teater";"109";"Dom II. slovenskega Tabora Žalec";"Žalec";"10163";"80:KD ŠPAS TEATER";"80:Eventim Si d.o.o.";"KRIZA SREDNJIH LET";"Fri, 09/20/2019 20:00";"1";"ET_SVN-veliki logo";"No"
"659";"JON HOPKINS - DJ set";"20";"Kino Šiška";"Ljubljana";"10287";"80:Kino Šiška";"80:Eventim Si d.o.o.";"JON HOPKINS - DJ set";"Thu, 09/19/2019 21:00";"1";"ET_SVN-veliki logo";"No"
"348";"TONY CETINSKI";"79";"KRIŽANKE";"Ljubljana";"11573";"80:AGENCIJA URAN d.o.o.";"80:Eventim Si d.o.o.";"TONY CETINSKI";"Thu, 09/19/2019 21:00";"1";"ET_SVN-veliki logo";"No"
"687";"LITTLE MIX (Dunaj) vstopnica+prevoz";"171";"VOUCHER";"Vstopnica za koncert/prevoz/vodenje";"10007";"80:CONCERT FREAK, TADEJ KOŠMERL S.P.";"80:Eventim Si d.o.o.";"LITTLE MIX";"Thu, 09/19/2019 10:00";"1";"ET_SVN_PREVOZI";"No"
"681";"THE CURSE OF VALBURGA - 2019";"20";"Kino Šiška";"Ljubljana";"10287";"80:Kino Šiška";"80:Eventim Si d.o.o.";"THE CURSE OF VALBURGA (2019)";"Wed, 09/18/2019 19:00";"1";"ET_SVN-veliki logo";"No"
"434";"17:30 / SLO - RUS, 20:30 / FIN - TUR";"1";"Dvorana Stožice";"Ljubljana";"10616";"80:Odbojkarska zveza Slovenije";"80:Eventim Si d.o.o.";"SLO - RUS, FIN - TUR";"Wed, 09/18/2019 17:30";"1";"EUROVOLLEY";"No"
"658";"DEAFHEAVEN - TOUCHÉ AMORÉ";"20";"Kino Šiška";"Ljubljana";"10287";"80:Kino Šiška";"80:Eventim Si d.o.o.";"DEAFHEAVEN - TOUCHÉ AMORÉ";"Tue, 09/17/2019 20:00";"1";"ET_SVN-veliki logo";"No"
"433";"17:30 / SLO - MKD, 20:30 / TUR - BLR";"1";"Dvorana Stožice";"Ljubljana";"10616";"80:Odbojkarska zveza Slovenije";"80:Eventim Si d.o.o.";"SLO - MKD, TUR - BLR";"Tue, 09/17/2019 17:30";"1";"EUROVOLLEY";"No"
"432";"17:30 / RUS - FIN, 20:30 / BLR - MKD";"1";"Dvorana Stožice";"Ljubljana";"10616";"80:Odbojkarska zveza Slovenije";"80:Eventim Si d.o.o.";"RUS - FIN, BLR - MKD";"Mon, 09/16/2019 17:30";"1";"EUROVOLLEY";"No"
"661";"MICHAEL BUBLE (Zagreb) vstopnica+prevoz";"171";"VOUCHER";"Vstopnica za koncert/prevoz/vodenje";"10007";"80:CONCERT FREAK, TADEJ KOŠMERL S.P.";"80:Eventim Si d.o.o.";"MICHAEL BUBLE";"Mon, 09/16/2019 15:30";"0";"ET_SVN_PREVOZI";"No"
"352";"SAŠA MATIÆ";"79";"KRIŽANKE";"Ljubljana";"11394";"80:EVENT24 d. o. o.";"80:Eventim Si d.o.o.";"SAŠA MATIÆ";"Sun, 09/15/2019 21:00";"1";"ET_SVN-logo naslov je";"No"
"431";"17:30 / BLR - FIN, 20:30 / TUR - SLO";"1";"Dvorana Stožice";"Ljubljana";"10616";"80:Odbojkarska zveza Slovenije";"80:Eventim Si d.o.o.";"BLR - FIN, TUR - SLO";"Sun, 09/15/2019 17:30";"1";"EUROVOLLEY";"No"
"353";"SIMFONIJA KOPRA";"1197";"Potniški terminal";"Koper";"10966";"80:PREDODROM d.o.o.";"80:Eventim Si d.o.o.";"SIMFONIJA KOPRA";"Sat, 09/14/2019 20:00";"1";"SVN - OK NOV";"No"
"677";"GRAMATIK";"79";"KRIŽANKE";"Ljubljana";"10287";"80:Kino Šiška";"80:Eventim Si d.o.o.";"GRAMATIK";"Sat, 09/14/2019 19:00";"1";"SVN - OK NOV";"No"
"430";"17:30 / MKD - RUS, 20:30 / SLO - FIN";"1";"Dvorana Stožice";"Ljubljana";"10616";"80:Odbojkarska zveza Slovenije";"80:Eventim Si d.o.o.";"MKD - RUS, SLO - FIN";"Sat, 09/14/2019 17:30";"1";"EUROVOLLEY";"No"
"199";"RIBLJA ÈORBA";"126";"CANKARJEV DOM";"Ljubljana";"11564";"80:SDP GROUP d.o.o.";"80:Eventim Si d.o.o.";"RIBLJA ÈORBA";"Fri, 09/13/2019 20:00";"1";"ET_SVN-veliki logo";"No"
"341";"Dobrodelni koncert VILJEM JULIJAN";"79";"KRIŽANKE";"Ljubljana";"11485";"80:DRUŠTVO VILJEM JULIJAN";"80:Eventim Si d.o.o.";"Dobrodelni koncert VILJEM JULIJAN";"Fri, 09/13/2019 20:00";"1";"ET_SVN-veliki logo";"No"
"59";"AKUSTIÈNI KONCERT MI2";"161";"Grad Vurberk";"Spodnji Duplek";"11224";"80:Spot oglaševanje,Boštjan Lesjak s.p.";"80:Eventim Si d.o.o.";"AKUSTIÈNI KONCERT MI2";"Fri, 09/13/2019 19:00";"1";"ET_SVN-veliki logo";"No"
"429";"17:30 / MKD - TUR, 20:30 / BLR - RUS";"1";"Dvorana Stožice";"Ljubljana";"10616";"80:Odbojkarska zveza Slovenije";"80:Eventim Si d.o.o.";"MKD - TUR, BLR - RUS";"Fri, 09/13/2019 17:30";"1";"EUROVOLLEY";"No"
"660";"OPERATORS";"20";"Kino Šiška";"Ljubljana";"10287";"80:Kino Šiška";"80:Eventim Si d.o.o.";"OPERATORS";"Thu, 09/12/2019 20:00";"1";"ET_SVN-veliki logo";"No"
"428";"14:30 / TUR - RUS, 17:30 / FIN - MKD, 20:30 / SLO - BLR";"1";"Dvorana Stožice";"Ljubljana";"10616";"80:Odbojkarska zveza Slovenije";"80:Eventim Si d.o.o.";"TUR - RUS, FIN - MKD, SLO - BLR";"Thu, 09/12/2019 17:30";"1";"EUROVOLLEY";"No"
"437";"SLOVENSKI PAKET 5=4";"1";"Dvorana Stožice";"Ljubljana";"10616";"80:Odbojkarska zveza Slovenije";"80:Eventim Si d.o.o.";"SLOVENSKI PAKET 5=4";"Thu, 09/12/2019 14:30";"1";"SVN 2019";"Yes"
"61";"2. ART Expo Ljubljana";"495";"Gospodarsko razstavišèe";"Ljubljana";"11579";"80:Zavod Atelje Art Murn International";"80:Eventim Si d.o.o.";"2. ART Expo Ljubljana";"Thu, 09/12/2019 09:00";"1";"Metaldays";"Yes"
"350";"Novi Fosili & Srebrna Krila";"79";"KRIŽANKE";"Ljubljana";"11394";"80:EVENT24 d. o. o.";"80:Eventim Si d.o.o.";"Novi Fosili & Srebrna Krila";"Wed, 09/11/2019 20:00";"1";"ET_SVN-veliki logo";"No"
"345";"Tomislav Braliæ in Klapa INTRADE";"79";"KRIŽANKE";"Ljubljana";"11545";"80:MARUŠKA KORELC S.P.";"80:Eventim Si d.o.o.";"Tomislav Braliæ in Klapa INTRADE";"Sun, 09/08/2019 20:00";"1";"ET_SVN-veliki logo";"No"
"30";"TARTINI FESTIVAL 2019: Salzburger Mozart Consort";"450";"Minoritski samostan sv. Franèiška, Piran";"Piran";"10327";"80:KULTURNO DRUŠTVO LIB-ART";"80:Eventim Si d.o.o.";"Salzburger Mozart Consort";"Sun, 09/08/2019 20:00";"1";"SVN - OK NOV";"No"
"18";"New Swing Quartet";"212";"Grad Rajhenburg";"Brestanica";"10631";"80:Kulturni dom Krško";"80:Eventim Si d.o.o.";"New Swing Quartet";"Sun, 09/08/2019 18:00";"1";"ET_SVN-veliki logo";"No"
"690";"EVANESCENCE(Madžarska) vstopnica+prevoz";"171";"VOUCHER";"Vstopnica za koncert/prevoz/vodenje";"10007";"80:CONCERT FREAK, TADEJ KOŠMERL S.P.";"80:Eventim Si d.o.o.";"EVANESCENCE";"Sun, 09/08/2019 09:30";"1";"ET_SVN_PREVOZI";"No"
"537";"MENOPAVZA, Špas teater";"168";"Letno gledališèe Khislstein";"Kranj";"10163";"80:KD ŠPAS TEATER";"80:Eventim Si d.o.o.";"MENOPAVZA";"Sat, 09/07/2019 20:30";"1";"ET_SVN-veliki logo";"No"
"5";"ADI SMOLAR - 60. OBLETNICA";"693";"Kulturni dom Železniki";"Železniki";"11608";"80:Sanela Flisar Stankoviæ, s.p.";"80:Eventim Si d.o.o.";"ADI SMOLAR - 60. OBLETNICA";"Sat, 09/07/2019 20:00";"1";"SVN - OK NOV";"No"
"324";"NINA PUŠLAR LJUBLJANA";"79";"KRIŽANKE";"Ljubljana";"11573";"80:AGENCIJA URAN d.o.o.";"80:Eventim Si d.o.o.";"NINA PUŠLAR";"Fri, 09/06/2019 21:00";"1";"ET_SVN-veliki logo";"No"
"647";"SMOKEASAC";"20";"Kino Šiška";"Ljubljana";"10287";"80:Kino Šiška";"80:Eventim Si d.o.o.";"SMOKEASAC";"Fri, 09/06/2019 21:00";"1";"ET_SVN-veliki logo";"No"
"141";"SLOVENIJA-POLJSKA || SLOVENIJA-IZRAEL nogomet";"68";"Stadion Stožice";"Ljubljana";"10107";"80:NZS";"80:Eventim Si d.o.o.";"Kvalifikacije za UEFA EURO 2020";"Fri, 09/06/2019 20:45";"1";"NZS za dve tekmi";"No"
"206";"Orkester Slovenske filharmonije";"126";"CANKARJEV DOM";"Ljubljana";"10005";"80:Festival Ljubljana";"80:Eventim Si d.o.o.";"Orkester Slovenske filharmonije";"Fri, 09/06/2019 20:00";"0";"Festival Ljubljana";"No"
"70";"ANDREJ ŠIFRER 40 let norosti";"168";"Letno gledališèe Khislstein";"Kranj";"10596";"80:Zavod za turizem in kulturo Kranj";"80:Eventim Si d.o.o.";"ANDREJ ŠIFRER 40 let norosti";"Fri, 09/06/2019 20:00";"1";"ET_SVN-veliki logo";"No"
"29";"TARTINI FESTIVAL 2019: ANSAMBEL SERGIO GAGGIA";"450";"Minoritski samostan sv. Franèiška, Piran";"Piran";"10327";"80:KULTURNO DRUŠTVO LIB-ART";"80:Eventim Si d.o.o.";"ANSAMBEL SERGIO GAGGIA";"Fri, 09/06/2019 20:00";"1";"SVN - OK NOV";"No"
"202";"IZRAELSKI FILHARMONIÈNI ORKESTER";"126";"CANKARJEV DOM";"Ljubljana";"10005";"80:Festival Ljubljana";"80:Eventim Si d.o.o.";"IZRAELSKI FILHARMONIÈNI ORKESTER";"Thu, 09/05/2019 20:00";"1";"Festival Ljubljana";"No"
"28";"TARTINI FESTIVAL 2019: Lana Trotovšek & Masumi Yamamoto";"450";"Minoritski samostan sv. Franèiška, Piran";"Piran";"10327";"80:KULTURNO DRUŠTVO LIB-ART";"80:Eventim Si d.o.o.";"Lana Trotovšek & Masumi Yamamoto";"Thu, 09/05/2019 20:00";"1";"SVN - OK NOV";"No"
"200";"Simfonièni orkester iz Shenzhena";"126";"CANKARJEV DOM";"Ljubljana";"10005";"80:Festival Ljubljana";"80:Eventim Si d.o.o.";"Simfonièni orkester iz Shenzhena";"Wed, 09/04/2019 20:00";"1";"Festival Ljubljana";"No"
"61";"6. Salon Decanterjevih nagrajencev";"312";"Kongresni center Brdo";"Kranj";"11636";"80:Sandra Bohinec Gorjak s.p.";"80:Eventim Si d.o.o.";"6. Salon Decanterjevih nagrajencev";"Wed, 09/04/2019 12:00";"1";"SVN - OK 2018";"No"
"336";"Svetlana Zakharova in prijatelji";"79";"KRIŽANKE";"Ljubljana";"10005";"80:Festival Ljubljana";"80:Eventim Si d.o.o.";"Svetlana Zakharova in prijatelji";"Tue, 09/03/2019 20:30";"1";"FL - CD alternativni";"No"
"27";"TARTINI FESTIVAL 2019: Ansambel LA CALANDRIA";"450";"Minoritski samostan sv. Franèiška, Piran";"Piran";"10327";"80:KULTURNO DRUŠTVO LIB-ART";"80:Eventim Si d.o.o.";"Ansambel LA CALANDRIA";"Tue, 09/03/2019 20:00";"1";"SVN - OK NOV";"No"
"689";"LITTLE STEVEN (Dunaj) vstopnica+prevoz";"171";"VOUCHER";"Vstopnica za koncert/prevoz/vodenje";"10007";"80:CONCERT FREAK, TADEJ KOŠMERL S.P.";"80:Eventim Si d.o.o.";"LITTLE STEVEN";"Mon, 09/02/2019 10:00";"1";"ET_SVN_PREVOZI";"No"
"355";"Nune v akciji!";"168";"Letno gledališèe Khislstein";"Kranj";"10426";"80:Prospot d.o.o.";"80:Eventim Si d.o.o.";"Nune v akciji!";"Sun, 09/01/2019 20:30";"1";"ET_SVN-veliki logo";"No"
"3";"Ribiè Pepe";"1199";"NOVO MESTO - PIKNIK PROSTOR KMETIJE KASTELIC";"Novo mesto";"11059";"80:POUHNA LUNA, Mitja Kovaèiè s.p.";"80:Eventim Si d.o.o.";"Ribiè Pepe";"Sun, 09/01/2019 16:00";"1";"SVN - OK NOV";"No"
"139";"NK Olimpija - Sezonska vstopnica 2019/20";"68";"Stadion Stožice";"Ljubljana";"10283";"80:FC OLIMPIJA d.o.o.";"80:Eventim Si d.o.o.";"NK OLIMPIJA - SEZONA 2019/2020";"Sun, 09/01/2019 00:00";"1";"ET_SVN-veliki logo";"Yes"
"6";"GIBONNI - PRESTAVLJENO IZ 6.7.2019";"1159";"MUSIC PARK BIVJE";"DEKANI";"11627";"80:GOST-ISTRA d.o.o.";"80:Eventim Si d.o.o.";"GIBONNI";"Sat, 08/31/2019 21:00";"1";"SVN 2019";"No"
"10";"DUBIOZA KOLEKTIV";"210";"Letno gledališèe Khislstein";"Kranj";"10596";"80:Zavod za turizem in kulturo Kranj";"80:Eventim Si d.o.o.";"DUBIOZA KOLEKTIV";"Sat, 08/31/2019 21:00";"1";"ET_SVN-logo naslov je";"No"
"105";"Komedija pod zvezdami: TAKO TI JE, MALA";"144";"Ljubljanski grad";"Ljubljana";"10158";"80:GUSTAV FILM D.O.O";"80:Eventim Si d.o.o.";"TAKO TI JE, MALA";"Sat, 08/31/2019 20:30";"1";"SVN - OK NOV";"No"
"26";"TARTINI FESTIVAL 2019:  | SOLISTI VENETI";"450";"Minoritski samostan sv. Franèiška, Piran";"Piran";"10327";"80:KULTURNO DRUŠTVO LIB-ART";"80:Eventim Si d.o.o.";"| SOLISTI VENETI";"Sat, 08/31/2019 20:30";"1";"SVN - OK NOV";"No"
"32";"JAN PLESTENJAK";"161";"Grad Vurberk";"Spodnji Duplek";"11541";"80:Klub ABUHI";"80:Eventim Si d.o.o.";"JAN PLESTENJAK";"Sat, 08/31/2019 20:00";"1";"ET_SVN-veliki logo";"No"
"11";"Festival Urbane Kulture #FUKsi2019 - Röyksopp DJ set & Sladica";"1160";"Tobaèna mesto";"Ljubljana";"10914";"80:MOBILIUM d.o.o.";"80:Eventim Si d.o.o.";"Festival Urbane Kulture #FUKsi2019";"Sat, 08/31/2019 20:00";"1";"ET_SVN-veliki logo";"No"
"7";"RAZOÈARANA GOSPODINJA PRI SEKSOLOGU";"124";"Kino Komuna";"Ljubljana";"10775";"80:Zavod ""Zimske urice""";"80:Eventim Si d.o.o.";"RAZOÈARANA GOSPODINJA PRI SEKSOLOGU";"Sat, 08/31/2019 20:00";"1";"ET_SVN-veliki logo";"No"
"20";"SIDDHARTA AKUSTIÈNO";"667";"Galerija Božidar Jakac, Kostanjevica na Krki";"Kostanjevica na krki";"11629";"80:KAZJANSKO EVENTS d.o.o.";"80:Eventim Si d.o.o.";"SIDDHARTA AKUSTIÈNO";"Sat, 08/31/2019 20:00";"1";"ET_SVN-veliki logo";"No"
"2";"GIANNI RIJAVEC in godalni kvartet";"1190";"Grad Kromberk, Nova Gorica";"Nova Gorica";"11638";"80:JANEZ RIJAVEC S.P.";"80:Eventim Si d.o.o.";"GIANNI RIJAVEC in godalni kvartet";"Sat, 08/31/2019 20:00";"1";"ET_SVN-veliki logo";"No"
"11";"NEW SWING QUARTET";"719";"GRAD KOMENDA NA POLZELI";"POLZELA";"11106";"80:GIG INT d.o.o.";"80:Eventim Si d.o.o.";"NEW SWING QUARTET";"Sat, 08/31/2019 20:00";"1";"SVN - OK NOV";"No"
"60";"TrNOVfest - TABU & Traffic Religion";"1161";"Center Slovanskih Kultur France Prešeren";"Ljubljana";"11603";"80:DRUSTVO TRNFEST";"80:Eventim Si d.o.o.";"TABU & Traffic Religion";"Sat, 08/31/2019 20:00";"1";"SVN - OK NOV";"No"
"4";"OPÈA OPASNOST, HAMO & TRIBUTE 2 LOVE - Festival ÈrnFest";"756";"Trg svobode (staro mestno jedro)";"Èrnomelj";"11184";"80:KLUB BELOKRANJSKIH ŠTUDENTOV";"80:Eventim Si d.o.o.";"OPÈA OPASNOST, HAMO & TRIBUTE 2 LOVE";"Sat, 08/31/2019 20:00";"2";"ET_SVN-veliki logo";"No"
"2";"ODPOVEDANO - Virtuozni koncert na piano harmoniki!";"289";"Grand hotel Bernardin";"Portorož";"11568";"80:SIMONA KREMZER, mag. ekon. in posl. ved, s.p.";"80:Eventim Si d.o.o.";"Virtuozni koncert na piano harmoniki!";"Sat, 08/31/2019 19:00";"7";"ET_SVN-veliki logo";"No"
"686";"TWENTY ONE PILOTS,BILLIE EILISH (Milano) Italija vstopnica+prevoz";"171";"VOUCHER";"Vstopnica za koncert/prevoz/vodenje";"10007";"80:CONCERT FREAK, TADEJ KOŠMERL S.P.";"80:Eventim Si d.o.o.";"TWENTY ONE PILOTS, BILLIE EILISH";"Sat, 08/31/2019 07:00";"5";"ET_SVN_PREVOZI";"No"
"44";"MARIBOR RIVERSIDE 19";"1076";"Žièki dvor";"Maribor";"10701";"80:GALERIJA GOSPOSKA D.O.O.";"80:Eventim Si d.o.o.";"MARIBOR RIVERSIDE 19";"Fri, 08/30/2019 22:00";"1";"ET_SVN-veliki logo";"Yes"
"16";"PIKNIK KINO: LEVJI KRALJ - sinhronizirano";"1194";"BTC, VODNO MESTO ATLANTIS";"LJUBLJANA";"11623";"80:KULTURNO DRUŠTVO KGB";"80:Eventim Si d.o.o.";"PIKNIK KINO";"Fri, 08/30/2019 21:00";"1";"SVN - OK NOV";"No"
"327";"Vlado Kreslin z gosti";"79";"KRIŽANKE";"Ljubljana";"10005";"80:Festival Ljubljana";"80:Eventim Si d.o.o.";"Vlado Kreslin z gosti";"Fri, 08/30/2019 20:30";"0";"FL - rezervni termin";"No"
"104";"Komedija pod zvezdami: PREDSTAVA ZA VSAKO PRILOŽNOST";"144";"Ljubljanski grad";"Ljubljana";"10158";"80:GUSTAV FILM D.O.O";"80:Eventim Si d.o.o.";"PREDSTAVA ZA VSAKO PRILOŽNOST";"Fri, 08/30/2019 20:30";"1";"SVN - OK NOV";"No"
"21";"ŽIRFEST 2019 - ROCK VEÈER: BIG FOOT MAMA, ZABLUJENA GENERACIJA, JOKER OUT";"1185";"Športno igrišèe za PGD Žiri";"Žiri";"11629";"80:KAZJANSKO EVENTS d.o.o.";"80:Eventim Si d.o.o.";"ŽIRFEST 2019 - ROCK VEÈER";"Fri, 08/30/2019 20:30";"1";"ET_SVN-veliki logo";"No"
"12";"Festival Urbane Kulture #FUKsi2019 - PAKET 30.8.2019 & 31.8.2019";"1160";"Tobaèna mesto";"Ljubljana";"10914";"80:MOBILIUM d.o.o.";"80:Eventim Si d.o.o.";"Festival Urbane Kulture #FUKsi2019";"Fri, 08/30/2019 20:01";"1";"ET_SVN-logo naslov2";"No"
"10";"Festival Urbane Kulture #FUKsi2019 - David Morales & Pure Oldies Goldies";"1160";"Tobaèna mesto";"Ljubljana";"10914";"80:MOBILIUM d.o.o.";"80:Eventim Si d.o.o.";"Festival Urbane Kulture #FUKsi2019";"Fri, 08/30/2019 20:00";"1";"ET_SVN-veliki logo";"No"
"33";"CVETJE V JESENI";"356";"Dom kulture Lenart";"Lenart";"10873";"80:TMK d.o.o.";"80:Eventim Si d.o.o.";"CVETJE V JESENI";"Fri, 08/30/2019 20:00";"1";"ET_SVN-veliki logo";"No"
"17";"Manca Izmajlova: Ruska noè";"212";"Grad Rajhenburg";"Brestanica";"10631";"80:Kulturni dom Krško";"80:Eventim Si d.o.o.";"Manca Izmajlova: Ruska noè";"Fri, 08/30/2019 20:00";"1";"ET_SVN-veliki logo";"No"
"16";"Park Wine Party";"1110";"Park, Hotel & Entertainment";"Nova Gorica";"10998";"80:Hit hoteli, igralnice, turizem d.d. Nova Gorica";"80:Eventim Si d.o.o.";"Park Wine Party";"Fri, 08/30/2019 20:00";"1";"22% DDV";"No"
"59";"TrNOVfest - Bogunov & Brigand";"1161";"Center Slovanskih Kultur France Prešeren";"Ljubljana";"11603";"80:DRUSTVO TRNFEST";"80:Eventim Si d.o.o.";"Bogunov & Brigand";"Fri, 08/30/2019 20:00";"1";"SVN - OK NOV";"No"
"17";"MEGA PARTY - VIGOR, INES ERBUS, DJ ROKY";"1196";"Avtopoligon Loèica ob Savinji, Polzela";"Polzela";"11285";"80:UNICO & CO d.o.o.";"80:Eventim Si d.o.o.";"MEGA PARTY";"Fri, 08/30/2019 19:00";"1";"ET_SVN-veliki logo";"No"
"103";"Komedija pod zvezdami: ÐUROLOGIJA";"144";"Ljubljanski grad";"Ljubljana";"10158";"80:GUSTAV FILM D.O.O";"80:Eventim Si d.o.o.";"ÐUROLOGIJA";"Thu, 08/29/2019 20:30";"1";"SVN - OK NOV";"No"
"25";"TARTINI FESTIVAL 2019:  Pierre Laurent Boucharlat";"451";"Tartinijeva hiša";"Piran";"10327";"80:KULTURNO DRUŠTVO LIB-ART";"80:Eventim Si d.o.o.";"Pierre Laurent Boucharlat";"Thu, 08/29/2019 20:30";"1";"SVN - OK NOV";"No"
"5";"NUNE V AKCIJI";"433";"Letni Kino ARRIGONI";"Izola";"11303";"80:CENTER ZA KULTURO, ŠPORT IN PRIREDITVE IZOLA";"80:Eventim Si d.o.o.";"NUNE V AKCIJI";"Thu, 08/29/2019 20:30";"1";"SVN - OK NOV";"No"
"207";"G. Verdi: La Traviata, opera";"126";"CANKARJEV DOM";"Ljubljana";"10005";"80:Festival Ljubljana";"80:Eventim Si d.o.o.";"G. Verdi: La Traviata, opera";"Thu, 08/29/2019 20:00";"0";"Festival Ljubljana";"No"
"58";"TrNOVfest - MRFY & Kokosy";"1161";"Center Slovanskih Kultur France Prešeren";"Ljubljana";"11603";"80:DRUSTVO TRNFEST";"80:Eventim Si d.o.o.";"MRFY & Kokosy";"Thu, 08/29/2019 20:00";"1";"SVN - OK NOV";"No"
"102";"Komedija pod zvezdami: PROFESOR KUZMAN MLAJŠI";"144";"Ljubljanski grad";"Ljubljana";"10158";"80:GUSTAV FILM D.O.O";"80:Eventim Si d.o.o.";"PROFESOR KUZMAN MLAJŠI";"Wed, 08/28/2019 20:30";"1";"SVN - OK NOV";"No"
"356";"Nune v akciji!";"141";"Stari grad Celje";"Celje";"10426";"80:Prospot d.o.o.";"80:Eventim Si d.o.o.";"Nune v akciji!";"Wed, 08/28/2019 20:30";"1";"ET_SVN-veliki logo";"No"
"205";"G. Verdi: La Traviata, opera";"126";"CANKARJEV DOM";"Ljubljana";"10005";"80:Festival Ljubljana";"80:Eventim Si d.o.o.";"G. Verdi: La Traviata, opera";"Wed, 08/28/2019 20:00";"0";"Festival Ljubljana";"No"
"57";"TrNOVfest - Viperstone, Infected, R.Mohoriè & I.C.E";"1161";"Center Slovanskih Kultur France Prešeren";"Ljubljana";"11603";"80:DRUSTVO TRNFEST";"80:Eventim Si d.o.o.";"Viperstone, Infected, R.Mohoriè & I.C.E.";"Wed, 08/28/2019 20:00";"1";"SVN - OK NOV";"No"
"24";"TARTINI FESTIVAL 2019:  MARIO BRUNELLO & IL TERZO SUONO";"450";"Minoritski samostan sv. Franèiška, Piran";"Piran";"10327";"80:KULTURNO DRUŠTVO LIB-ART";"80:Eventim Si d.o.o.";"MARIO BRUNELLO & IL TERZO SUONO";"Tue, 08/27/2019 20:30";"1";"SVN - OK NOV";"No"
"680";"ANDERSON .PAAK & The Free Nationals";"20";"Kino Šiška";"Ljubljana";"10287";"80:Kino Šiška";"80:Eventim Si d.o.o.";"ANDERSON .PAAK & The Free Nationals";"Tue, 08/27/2019 20:05";"1";"ET_SVN-veliki logo";"No"
"679";"ANDERSON .PAAK & The Free Nationals";"20";"Kino Šiška";"Ljubljana";"10287";"80:Kino Šiška";"80:Eventim Si d.o.o.";"ANDERSON .PAAK & The Free Nationals";"Tue, 08/27/2019 20:00";"1";"ET_SVN-veliki logo";"No"
"56";"TrNOVfest - Zala in Gašper & Balladero";"1161";"Center Slovanskih Kultur France Prešeren";"Ljubljana";"11603";"80:DRUSTVO TRNFEST";"80:Eventim Si d.o.o.";"Zala in Gašper & Balladero";"Tue, 08/27/2019 20:00";"1";"SVN - OK NOV";"No"
"55";"TrNOVfest - Leteèi potepuhi & Gušti";"1161";"Center Slovanskih Kultur France Prešeren";"Ljubljana";"11603";"80:DRUSTVO TRNFEST";"80:Eventim Si d.o.o.";"Leteèi potepuhi & Gušti";"Mon, 08/26/2019 20:00";"1";"SVN - OK NOV";"No"
"209";"Orkester Marijinega gledališèa";"126";"CANKARJEV DOM";"Ljubljana";"10005";"80:Festival Ljubljana";"80:Eventim Si d.o.o.";"Orkester Marijinega gledališèa";"Mon, 08/26/2019 20:00";"0";"Festival Ljubljana";"No"
"6";"10. SALON TRAMINEC 2019";"1149";"Zdraviliški park Radenci";"Radenci";"10651";"80:KLUB DIŠEÈI TRAMINEC - HRAM VINSKE KULTURE";"80:Eventim Si d.o.o.";"10. SALON TRAMINEC 2019";"Mon, 08/26/2019 17:00";"1";"ET_SVN-veliki logo";"No"
"112";"PANÈ festival stand-up komedije - NEDELJSKIH 6";"144";"Ljubljanski grad";"Ljubljana";"11067";"80:CEH ZA SMEH d.o.o.";"80:Eventim Si d.o.o.";"PANÈ festival stand-up komedije";"Sun, 08/25/2019 21:00";"1";"ET_SVN-veliki logo";"No"
"317";"Mamma mia, muzikal";"79";"KRIŽANKE";"Ljubljana";"10005";"80:Festival Ljubljana";"80:Eventim Si d.o.o.";"Mamma mia, muzikal";"Sun, 08/25/2019 20:30";"1";"FL - rezervni termin";"No"
"23";"TARTINI FESTIVAL 2019:  Orkester Cenacolo Musicale";"450";"Minoritski samostan sv. Franèiška, Piran";"Piran";"10327";"80:KULTURNO DRUŠTVO LIB-ART";"80:Eventim Si d.o.o.";"Orkester Cenacolo Musicale";"Sun, 08/25/2019 20:30";"1";"SVN - OK NOV";"No"
"58";"37. Festival Radovljica 2019: ODMEVI BENETK - GLASBA ZA TROBILA";"235";"Radovljiška grašèina";"Radovljica";"10278";"80:Društvo ljubiteljev stare glasbe Radovljica";"80:Eventim Si d.o.o.";"ODMEVI BENETK - GLASBA ZA TROBILA";"Sun, 08/25/2019 20:00";"1";"SVN - OK NOV";"No"
"1";"PRIFARSKI MUZIKANTI";"718";"GRAD BOGENŠPERK";"ŠMARTNO PRI LITIJI";"10968";"80:Jabka d.o.o.";"80:Eventim Si d.o.o.";"PRIFARSKI MUZIKANTI";"Sun, 08/25/2019 18:00";"1";"ET_SVN-veliki logo";"No"
"12";"FESTIVAL AVSENIK 2019 - 25.8.2019";"524";"PRIREDITVENI ŠOTOR/FESTZELT";"Begunje na Gorenjskem";"10179";"80:TRADICIJA AVSENIK d.o.o.";"80:Eventim Si d.o.o.";"FESTIVAL AVSENIK 2019";"Sun, 08/25/2019 17:00";"1";"ET_SVN-logo naslov2";"No"
"111";"PANÈ festival stand-up komedije - SOBOTNA VROÈICA";"144";"Ljubljanski grad";"Ljubljana";"11067";"80:CEH ZA SMEH d.o.o.";"80:Eventim Si d.o.o.";"PANÈ festival stand-up komedije";"Sat, 08/24/2019 21:00";"1";"ET_SVN-veliki logo";"No"
"12";"PIKNIK KINO: ANGRY BIRDS FILM 2";"1194";"BTC, VODNO MESTO ATLANTIS";"LJUBLJANA";"11623";"80:KULTURNO DRUŠTVO KGB";"80:Eventim Si d.o.o.";"PIKNIK KINO";"Sat, 08/24/2019 21:00";"1";"SVN - OK NOV";"No"
"25";"Projekt Lazarus";"174";"Grad Brežice";"Brežice";"10144";"80:Ars Ramovs";"80:Eventim Si d.o.o.";"Projekt Lazarus";"Sat, 08/24/2019 20:30";"1";"SVN - OK NOV";"No"
"11";"FESTIVAL AVSENIK 2019 - 24.8.2019";"524";"PRIREDITVENI ŠOTOR/FESTZELT";"Begunje na Gorenjskem";"10179";"80:TRADICIJA AVSENIK d.o.o.";"80:Eventim Si d.o.o.";"FESTIVAL AVSENIK 2019";"Sat, 08/24/2019 20:00";"1";"ET_SVN-logo naslov2";"No"
"33";"MARKO ŠKUGOR";"161";"Grad Vurberk";"Spodnji Duplek";"11354";"80:FINKRAM d.o.o.";"80:Eventim Si d.o.o.";"MARKO ŠKUGOR";"Sat, 08/24/2019 20:00";"1";"ET_SVN-veliki logo";"No"
"60";"37. Festival Radovljica 2019: BIZANTINSKI KORAL IZ ROMUNIJE";"442";"Cerkev sv. Petra, Radovljica";"Radovljica";"10278";"80:Društvo ljubiteljev stare glasbe Radovljica";"80:Eventim Si d.o.o.";"BIZANTINSKI KORAL IZ ROMUNIJE";"Sat, 08/24/2019 20:00";"1";"SVN - OK NOV";"No"
"54";"TrNOVfest - Each One Teach One";"1161";"Center Slovanskih Kultur France Prešeren";"Ljubljana";"11603";"80:DRUSTVO TRNFEST";"80:Eventim Si d.o.o.";"Each One Teach One";"Sat, 08/24/2019 20:00";"1";"SVN - OK NOV";"No"
"680";"STATUS QUO (Celovec) vstopnica+prevoz";"171";"VOUCHER";"Vstopnica za koncert/prevoz/vodenje";"10007";"80:CONCERT FREAK, TADEJ KOŠMERL S.P.";"80:Eventim Si d.o.o.";"STATUS QUO";"Sat, 08/24/2019 15:30";"0";"ET_SVN_PREVOZI";"No"
"69";"BRADE";"168";"Letno gledališèe Khislstein";"Kranj";"10596";"80:Zavod za turizem in kulturo Kranj";"80:Eventim Si d.o.o.";"BRADE";"Fri, 08/23/2019 21:00";"1";"ET_SVN-veliki logo";"No"
"110";"PANÈ festival stand-up komedije - OD VARDARA DO TRIGLAVA";"144";"Ljubljanski grad";"Ljubljana";"11067";"80:CEH ZA SMEH d.o.o.";"80:Eventim Si d.o.o.";"PANÈ festival stand-up komedije";"Fri, 08/23/2019 21:00";"1";"ET_SVN-veliki logo";"No"
"15";"PIKNIK KINO: Bilo je nekoè v Hollywoodu";"1194";"BTC, VODNO MESTO ATLANTIS";"LJUBLJANA";"11623";"80:KULTURNO DRUŠTVO KGB";"80:Eventim Si d.o.o.";"PIKNIK KINO";"Fri, 08/23/2019 21:00";"1";"SVN - OK NOV";"No"
"38";"ŽELJKO JOKSIMOVIÆ";"577";"Letni oder Ruše";"Ruše";"11000";"80:CEZAM";"80:Eventim Si d.o.o.";"ŽELJKO JOKSIMOVIÆ";"Fri, 08/23/2019 21:00";"1";"SVN - OK NOV";"No"
"312";"Mojster in Margareta, muzikal";"79";"KRIŽANKE";"Ljubljana";"10005";"80:Festival Ljubljana";"80:Eventim Si d.o.o.";"Mojster in Margareta, muzikal";"Fri, 08/23/2019 20:30";"0";"FL - CD alternativni";"No"
"354";"Nune v akciji!";"185";"Poletno gledališèe Studenec";"Domžale";"10426";"80:Prospot d.o.o.";"80:Eventim Si d.o.o.";"Nune v akciji!";"Fri, 08/23/2019 20:30";"1";"ET_SVN-veliki logo";"No"
"424";"ODPOVEDANO - Muzikal Briljantina";"106";"Avditorij Portorož";"Portorož";"10426";"80:Prospot d.o.o.";"80:Eventim Si d.o.o.";"Muzikal Briljantina";"Fri, 08/23/2019 20:30";"7";"ET_SVN-veliki logo";"No"
"34";"TOMISLAV BRALIÆ & KLAPA INTRADE TER MARKO ŠKUGOR IN EROSI";"1170";"Muzejski trg Celje";"Celje";"11354";"80:FINKRAM d.o.o.";"80:Eventim Si d.o.o.";"T. BRALIÆ&KLAPA INTRADE IN MARKO ŠKUGOR";"Fri, 08/23/2019 20:30";"1";"ET_SVN-veliki logo";"No"
"9";"FESTIVAL AVSENIK 2019 - Festivalska/festivalkarte";"524";"PRIREDITVENI ŠOTOR/FESTZELT";"Begunje na Gorenjskem";"10179";"80:TRADICIJA AVSENIK d.o.o.";"80:Eventim Si d.o.o.";"FESTIVAL AVSENIK 2019";"Fri, 08/23/2019 20:01";"1";"ET_SVN-logo naslov2";"Yes"
"10";"FESTIVAL AVSENIK 2019 - 23.8.2019";"524";"PRIREDITVENI ŠOTOR/FESTZELT";"Begunje na Gorenjskem";"10179";"80:TRADICIJA AVSENIK d.o.o.";"80:Eventim Si d.o.o.";"FESTIVAL AVSENIK 2019";"Fri, 08/23/2019 20:00";"1";"ET_SVN-logo naslov2";"No"
"19";"Mi2 akustièni";"212";"Grad Rajhenburg";"Brestanica";"10631";"80:Kulturni dom Krško";"80:Eventim Si d.o.o.";"Mi2 akustièni";"Fri, 08/23/2019 20:00";"1";"ET_SVN-veliki logo";"No"
"2";"NAAAJ DAN 2019! - Jan Plestenjak, koncert";"1191";"Festivalsko prizorišèe Predoslje";"Kranj";"11473";"80:KULTURNO DRUŠTVO PLANET DOGODKOV";"80:Eventim Si d.o.o.";"NAAAJ DAN 2019!";"Fri, 08/23/2019 20:00";"1";"SVN - OK NOV";"No"
"53";"TrNOVfest - Zlatko & RecycleMan ex Ali En (DJ set";"1161";"Center Slovanskih Kultur France Prešeren";"Ljubljana";"11603";"80:DRUSTVO TRNFEST";"80:Eventim Si d.o.o.";"Zlatko & RecycleMan ex Ali En (DJ set)";"Fri, 08/23/2019 20:00";"1";"SVN - OK NOV";"No"
"547";"Prevoz-RAMMSTEIN 23.8.2019 (Dunaj)-samo prevoz";"12";"VOUCHER";"Voucher";"10007";"80:CONCERT FREAK, TADEJ KOŠMERL S.P.";"80:Eventim Si d.o.o.";"PREVOZ - koncert Rammstein 23.8.2019";"Fri, 08/23/2019 09:00";"0";"ET_SVN_PREVOZI";"No"
"32";"Cvetje v jeseni";"387";"Škofjeloški grad";"Škofja Loka";"10873";"80:TMK d.o.o.";"80:Eventim Si d.o.o.";"Cvetje v jeseni";"Thu, 08/22/2019 21:00";"1";"ET_SVN-veliki logo";"No"
"109";"PANÈ festival stand-up komedije - VEÈER ÈRNE KOMEDIJE";"144";"Ljubljanski grad";"Ljubljana";"11067";"80:CEH ZA SMEH d.o.o.";"80:Eventim Si d.o.o.";"PANÈ festival stand-up komedije";"Thu, 08/22/2019 21:00";"1";"ET_SVN-veliki logo";"No"
"11";"PIKNIK KINO: Yesterday";"1194";"BTC, VODNO MESTO ATLANTIS";"LJUBLJANA";"11623";"80:KULTURNO DRUŠTVO KGB";"80:Eventim Si d.o.o.";"PIKNIK KINO";"Thu, 08/22/2019 21:00";"1";"SVN - OK NOV";"No"
"313";"Mojster in Margareta, muzikal";"79";"KRIŽANKE";"Ljubljana";"10005";"80:Festival Ljubljana";"80:Eventim Si d.o.o.";"Mojster in Margareta, muzikal";"Thu, 08/22/2019 20:30";"0";"FL - CD alternativni";"No"
"26";"I Solisti Ambrosiani";"174";"Grad Brežice";"Brežice";"10144";"80:Ars Ramovs";"80:Eventim Si d.o.o.";"I Solisti Ambrosiani";"Thu, 08/22/2019 20:30";"1";"SVN - OK NOV";"No"
"22";"TARTINI FESTIVAL 2019: ANSAMBEL - IL TERZO SUONO";"251";"Cerkev sv. Jurija";"Piran";"10327";"80:KULTURNO DRUŠTVO LIB-ART";"80:Eventim Si d.o.o.";"ANSAMBEL - IL TERZO SUONO";"Thu, 08/22/2019 20:30";"1";"SVN - OK NOV";"No"
"3";"NAAAJ DAN 2019! - NAAAJÈEK, Festivalska vstopnica";"1191";"Festivalsko prizorišèe Predoslje";"Kranj";"11473";"80:KULTURNO DRUŠTVO PLANET DOGODKOV";"80:Eventim Si d.o.o.";"NAAAJ DAN 2019!";"Thu, 08/22/2019 20:01";"1";"SVN - OK NOV";"No"
"642";"DEERHUNTER";"20";"Kino Šiška";"Ljubljana";"10287";"80:Kino Šiška";"80:Eventim Si d.o.o.";"DEERHUNTER";"Thu, 08/22/2019 20:00";"1";"ET_SVN-veliki logo";"No"
"57";"37. Festival Radovljica 2019: TRADICIONALNA GLASBA IZ HERCEGOVINE";"235";"Radovljiška grašèina";"Radovljica";"10278";"80:Društvo ljubiteljev stare glasbe Radovljica";"80:Eventim Si d.o.o.";"TRADICIONALNA GLASBA IZ HERCEGOVINE";"Thu, 08/22/2019 20:00";"1";"SVN - OK NOV";"No"
"1";"NAAAJ DAN 2019! - Veèer s klapami";"1191";"Festivalsko prizorišèe Predoslje";"Kranj";"11473";"80:KULTURNO DRUŠTVO PLANET DOGODKOV";"80:Eventim Si d.o.o.";"NAAAJ DAN 2019!";"Thu, 08/22/2019 20:00";"1";"SVN - OK NOV";"No"
"52";"TrNOVfest - KiNG FOO & Metalsteel";"1161";"Center Slovanskih Kultur France Prešeren";"Ljubljana";"11603";"80:DRUSTVO TRNFEST";"80:Eventim Si d.o.o.";"KiNG FOO & Metalsteel";"Thu, 08/22/2019 20:00";"1";"SVN - OK NOV";"No"
"37";"TONE PARTLJIÈ - PARTNERSKA POROKA";"577";"Letni oder Ruše";"Ruše";"11000";"80:CEZAM";"80:Eventim Si d.o.o.";"TONE PARTLJIÈ - PARTNERSKA POROKA";"Thu, 08/22/2019 20:00";"1";"SVN - OK NOV";"No"
"80";"Dario Cortese";"1189";"Lutkovno gledališèe Maribor";"Maribor";"11431";"80:ÈASNIK VEÈER d.o.o.";"80:Eventim Si d.o.o.";"Dario Cortese";"Thu, 08/22/2019 18:00";"1";"SVN - OK NOV";"No"
"546";"Prevoz-Rammstein 22.8.2019 (Dunaj)-samo prevoz";"12";"VOUCHER";"Voucher";"10007";"80:CONCERT FREAK, TADEJ KOŠMERL S.P.";"80:Eventim Si d.o.o.";"PREVOZ - koncert RAMMSTEIN 22.8.2019";"Thu, 08/22/2019 09:00";"0";"ET_SVN_PREVOZI";"No"
"19";"HAMO & TRIBUTE TO LOVE - ""SLEÈENI";"1070";"Pokrajinski muzej Koper";"Koper";"10693";"80:Agencija Easy";"80:Eventim Si d.o.o.";"Poletje z biseri / Perle d'estate 2019";"Wed, 08/21/2019 21:00";"1";"SVN - OK NOV";"No"
"108";"PANÈ festival stand-up komedije - INTERNATIONAL COMEDY NIGHT";"144";"Ljubljanski grad";"Ljubljana";"11067";"80:CEH ZA SMEH d.o.o.";"80:Eventim Si d.o.o.";"PANÈ festival stand-up komedije";"Wed, 08/21/2019 21:00";"1";"ET_SVN-veliki logo";"No"
"51";"TrNOVfest - Mi2 & Manifest";"1161";"Center Slovanskih Kultur France Prešeren";"Ljubljana";"11603";"80:DRUSTVO TRNFEST";"80:Eventim Si d.o.o.";"Mi2 & Manifest";"Wed, 08/21/2019 20:00";"1";"SVN - OK NOV";"No"
"106";"PANÈ festival stand-up komedije - FESTIVALSKA VSTOPNICA";"144";"Ljubljanski grad";"Ljubljana";"11067";"80:CEH ZA SMEH d.o.o.";"80:Eventim Si d.o.o.";"PANÈ festival stand-up komedije";"Tue, 08/20/2019 21:01";"1";"ET_SVN-veliki logo";"Yes"
"107";"PANÈ festival stand-up komedije - TV FACE - OTVORITEV FESTIVALA";"144";"Ljubljanski grad";"Ljubljana";"11067";"80:CEH ZA SMEH d.o.o.";"80:Eventim Si d.o.o.";"PANÈ festival stand-up komedije";"Tue, 08/20/2019 21:00";"1";"ET_SVN-veliki logo";"No"
"315";"Onjeginov demon, muzikal";"79";"KRIŽANKE";"Ljubljana";"10005";"80:Festival Ljubljana";"80:Eventim Si d.o.o.";"Onjeginov demon, muzikal";"Tue, 08/20/2019 20:30";"0";"FL - CD alternativni";"No"
"26";"Han Tol in Nigel North";"456";"Bistriški grad";"Slovenska Bistrica";"10144";"80:Ars Ramovs";"80:Eventim Si d.o.o.";"Han Tol in Nigel North";"Tue, 08/20/2019 20:30";"1";"SVN - OK NOV";"No"
"56";"37. Festival Radovljica 2019: J. S. BACH: GOLDBERGOVE VARIACIJE";"235";"Radovljiška grašèina";"Radovljica";"10278";"80:Društvo ljubiteljev stare glasbe Radovljica";"80:Eventim Si d.o.o.";"J. S. BACH: GOLDBERGOVE VARIACIJE";"Tue, 08/20/2019 20:00";"1";"SVN - OK NOV";"No"
"50";"TrNOVfest - Torul & Bombyx Lori";"1161";"Center Slovanskih Kultur France Prešeren";"Ljubljana";"11603";"80:DRUSTVO TRNFEST";"80:Eventim Si d.o.o.";"Torul & Bombyx Lori";"Tue, 08/20/2019 20:00";"1";"SVN - OK NOV";"No"
"36";"KLAPA MASLINA – DALMATINSKI VEÈER";"577";"Letni oder Ruše";"Ruše";"11000";"80:CEZAM";"80:Eventim Si d.o.o.";"KLAPA MASLINA – DALMATINSKI VEÈER";"Tue, 08/20/2019 20:00";"1";"SVN - OK NOV";"No"
"314";"Onjeginov demon, muzikal";"79";"KRIŽANKE";"Ljubljana";"10005";"80:Festival Ljubljana";"80:Eventim Si d.o.o.";"Onjeginov demon, muzikal";"Mon, 08/19/2019 20:30";"0";"FL - CD alternativni";"No"
"49";"TrNOVfest - Opæa opasnost & Ambra";"1161";"Center Slovanskih Kultur France Prešeren";"Ljubljana";"11603";"80:DRUSTVO TRNFEST";"80:Eventim Si d.o.o.";"Opæa opasnost & Ambra";"Mon, 08/19/2019 20:00";"1";"SVN - OK NOV";"No"
"65";"Muzikal Briljantina";"168";"Letno gledališèe Khislstein";"Kranj";"10426";"80:Prospot d.o.o.";"80:Eventim Si d.o.o.";"Muzikal Briljantina";"Sun, 08/18/2019 20:30";"1";"SVN_info o sedežu vel";"No"
"61";"37. Festival Radovljica 2019: ORGELSKA IMPROVIZACIJA V BACHOVEM SLOGU";"237";"Cerkev Marijinega oznanjenja, Velesovo (Adergas)";"Velesovo";"10278";"80:Društvo ljubiteljev stare glasbe Radovljica";"80:Eventim Si d.o.o.";"ORGELSKA IMPROVIZACIJA V BACHOVEM SLOGU";"Sun, 08/18/2019 20:00";"1";"SVN - OK NOV";"No"
"35";"VLADO KRESLIN & MALI BOGOVI";"577";"Letni oder Ruše";"Ruše";"11000";"80:CEZAM";"80:Eventim Si d.o.o.";"VLADO KRESLIN & MALI BOGOVI";"Sun, 08/18/2019 20:00";"1";"SVN - OK NOV";"No"
"11";"PIKNIK KINO: SEKS V MESTU - tematski dogodek za dame";"1075";"Plaža BERNARDIN";"Portorož";"11623";"80:KULTURNO DRUŠTVO KGB";"80:Eventim Si d.o.o.";"PIKNIK KINO";"Sat, 08/17/2019 21:00";"1";"SVN - OK NOV";"No"
"12";"ROCK ŠOK";"583";"LAKENESS";"Volèja Draga";"11001";"80:Društvo mladi Renèe Vogrsko";"80:Eventim Si d.o.o.";"ROCK ŠOK";"Sat, 08/17/2019 21:00";"1";"SVN - OK NOV";"No"
"59";"37. Festival Radovljica 2019: PSALMI ZA VEÈERNICE IZ GORNJEGA GRADA";"442";"Cerkev sv. Petra, Radovljica";"Radovljica";"10278";"80:Društvo ljubiteljev stare glasbe Radovljica";"80:Eventim Si d.o.o.";"PSALMI ZA VEÈERNICE IZ GORNJEGA GRADA";"Sat, 08/17/2019 20:00";"1";"SVN - OK NOV";"No"
"48";"TrNOVfest - Sam's Fever & HoundDogs";"1161";"Center Slovanskih Kultur France Prešeren";"Ljubljana";"11603";"80:DRUSTVO TRNFEST";"80:Eventim Si d.o.o.";"Sam's Fever & HoundDogs";"Sat, 08/17/2019 20:00";"1";"SVN - OK NOV";"No"
"162";"Overjam Reggae festival 2019 - ENODNEVNA, 17.8.2019";"114";"Sotoèje, Tolmin";"Tolmin";"11097";"80:ARTFEST d.o.o.";"80:Eventim Si d.o.o.";"Overjam Reggae Festival";"Sat, 08/17/2019 10:00";"1";"Metaldays";"No"
"651";"METALLICA (Praga)-3dni vstopnica+prevoz";"171";"VOUCHER";"Vstopnica za koncert/prevoz/vodenje";"10007";"80:CONCERT FREAK, TADEJ KOŠMERL S.P.";"80:Eventim Si d.o.o.";"METALLICA - Praga";"Sat, 08/17/2019 00:00";"5";"ET_SVN_PREVOZI";"No"
"3";"PIKNIK KINO: BILO JE NEKOÈ V HOLLYWOOD";"408";"Plaža San Simon Izola";"Izola";"11623";"80:KULTURNO DRUŠTVO KGB";"80:Eventim Si d.o.o.";"PIKNIK KINO";"Fri, 08/16/2019 21:00";"1";"SVN - OK NOV";"No"
"27";"Cappella Musicale Beata Vergine";"174";"Grad Brežice";"Brežice";"10144";"80:Ars Ramovs";"80:Eventim Si d.o.o.";"Cappella Musicale Beata Vergine";"Fri, 08/16/2019 20:30";"1";"SVN - OK NOV";"No"
"55";"37. Festival Radovljica 2019: FRANZ SCHUBERT: KLAVIRSKI TRIO IN SONATA";"235";"Radovljiška grašèina";"Radovljica";"10278";"80:Društvo ljubiteljev stare glasbe Radovljica";"80:Eventim Si d.o.o.";"FRANZ SCHUBERT: KLAVIRSKI TRIO IN SONATA";"Fri, 08/16/2019 20:00";"1";"SVN - OK NOV";"No"
"47";"TrNOVfest - Zaklonišèe prepeva & Lusterdam";"1161";"Center Slovanskih Kultur France Prešeren";"Ljubljana";"11603";"80:DRUSTVO TRNFEST";"80:Eventim Si d.o.o.";"Zaklonišèe prepeva & Lusterdam";"Fri, 08/16/2019 20:00";"1";"SVN - OK NOV";"No"
"34";"REPORTER MILAN - SWINGERJI";"577";"Letni oder Ruše";"Ruše";"11000";"80:CEZAM";"80:Eventim Si d.o.o.";"REPORTER MILAN - SWINGERJI";"Fri, 08/16/2019 20:00";"1";"SVN - OK NOV";"No"
"3";"VRAŽJI IN LANA JURÈEVIÆ - BEVŠKA NOÈ 2019";"1068";"BEVÈE";"Velenje";"11467";"80:KULTURNO PROSVETNO DRUŠTVO BEVÈE";"80:Eventim Si d.o.o.";"VRAŽJI IN LANA JURÈEVIÆ";"Fri, 08/16/2019 19:00";"1";"SVN - OK NOV";"No"
"161";"Overjam Reggae festival 2019 - ENODNEVNA, 16.8.2019";"114";"Sotoèje, Tolmin";"Tolmin";"11097";"80:ARTFEST d.o.o.";"80:Eventim Si d.o.o.";"Overjam Reggae Festival";"Fri, 08/16/2019 10:00";"1";"Metaldays";"No"
"648";"METALLICA - Avstrija (Dunaj) vstopnica+prevoz";"171";"VOUCHER";"Vstopnica za koncert/prevoz/vodenje";"10007";"80:CONCERT FREAK, TADEJ KOŠMERL S.P.";"80:Eventim Si d.o.o.";"METALLICA - Avstrija";"Fri, 08/16/2019 09:00";"5";"ET_SVN_PREVOZI";"No"
"14";"PIKNIK KINO: Bilo je nekoè v Hollywoodu";"1194";"BTC, VODNO MESTO ATLANTIS";"LJUBLJANA";"11623";"80:KULTURNO DRUŠTVO KGB";"80:Eventim Si d.o.o.";"PIKNIK KINO";"Thu, 08/15/2019 21:00";"1";"SVN - OK NOV";"No"
"46";"TrNOVfest - Slon in sadež rokenrol orkester + If Floyd";"1161";"Center Slovanskih Kultur France Prešeren";"Ljubljana";"11603";"80:DRUSTVO TRNFEST";"80:Eventim Si d.o.o.";"Slon in sadež rokenrol orkester+If Floyd";"Thu, 08/15/2019 20:00";"1";"SVN - OK NOV";"No"
"152";"Overjam Reggae festival 2019 - FESTIVALSKA VSTOPNICA";"114";"Sotoèje, Tolmin";"Tolmin";"11097";"80:ARTFEST d.o.o.";"80:Eventim Si d.o.o.";"Overjam Reggae Festival";"Thu, 08/15/2019 10:01";"1";"Metaldays";"Yes"
"160";"Overjam Reggae festival 2019 - ENODNEVNA, 15.8.2019";"114";"Sotoèje, Tolmin";"Tolmin";"11097";"80:ARTFEST d.o.o.";"80:Eventim Si d.o.o.";"Overjam Reggae Festival";"Thu, 08/15/2019 10:00";"1";"Metaldays";"No"
"1";"IZLET V LIPICO Z MAŠO NA SVETI GORI";"1192";"IZLET";"";"11639";"80:TURISTIÈNA ZVEZA SLOVENIJE";"80:Eventim Si d.o.o.";"IZLET V LIPICO Z MAŠO NA SVETI GORI";"Thu, 08/15/2019 08:00";"1";"SVN - OK";"No"
"18";"PLIŠ";"1070";"Pokrajinski muzej Koper";"Koper";"10693";"80:Agencija Easy";"80:Eventim Si d.o.o.";"Poletje z biseri / Perle d'estate 2019";"Wed, 08/14/2019 21:00";"1";"SVN - OK NOV";"No"
"10";"PIKNIK KINO: Pridni fantje, premiera";"1194";"BTC, VODNO MESTO ATLANTIS";"LJUBLJANA";"11623";"80:KULTURNO DRUŠTVO KGB";"80:Eventim Si d.o.o.";"PIKNIK KINO";"Wed, 08/14/2019 21:00";"1";"SVN - OK NOV";"No"
"26";"Simone Vallerotonda";"223";"Hudièev turn";"Straža pri Novem mestu";"10144";"80:Ars Ramovs";"80:Eventim Si d.o.o.";"Simone Vallerotonda";"Wed, 08/14/2019 20:30";"1";"SVN - OK NOV";"No"
"76";"ANA BEZJAK / JAZZY POLETNA NOÈ - Glasbeni veèeri pod grajsko lipo 2019";"210";"Letno gledališèe Khislstein";"Kranj";"11479";"80:DreamArt d.o.o.";"80:Eventim Si d.o.o.";"ANA BEZJAK / JAZZY POLETNA NOÈ";"Wed, 08/14/2019 20:30";"1";"ET_SVN-veliki logo";"No"
"8";"Ansambel Goffriller, Claudy Arimany, flavta";"941";"Narodna galerija";"Ljubljana";"10005";"80:Festival Ljubljana";"80:Eventim Si d.o.o.";"Ansambel Goffriller";"Wed, 08/14/2019 20:00";"1";"Festival Ljubljana";"No"
"664";"KIKAGAKU MOYO";"20";"Kino Šiška";"Ljubljana";"10287";"80:Kino Šiška";"80:Eventim Si d.o.o.";"KIKAGAKU MOYO";"Wed, 08/14/2019 20:00";"1";"ET_SVN-veliki logo";"No"
"45";"TrNOVfest - Soul Fingers & SaGaDuDaB";"1161";"Center Slovanskih Kultur France Prešeren";"Ljubljana";"11603";"80:DRUSTVO TRNFEST";"80:Eventim Si d.o.o.";"Soul Fingers & SaGaDuDaB";"Wed, 08/14/2019 20:00";"1";"SVN - OK NOV";"No"
"16";"SAVINJSKA ROŠTILJADA - LUKA BASI, TANJA ŽAGAR, DJ NEY";"1188";"REGA - PODLOG";"ŠEMPETER V SAVINJSKI DOLINI";"11285";"80:UNICO & CO d.o.o.";"80:Eventim Si d.o.o.";"SAVINJSKA ROŠTILJADA";"Wed, 08/14/2019 19:00";"1";"ET_SVN-veliki logo";"No"
"2";"POSKOÈNI MUZIKANTI IN LIDIJA BAÈIÆ - BEVŠKA NOÈ 2019";"1068";"BEVÈE";"Velenje";"11467";"80:KULTURNO PROSVETNO DRUŠTVO BEVÈE";"80:Eventim Si d.o.o.";"POSKOÈNI MUZIKANTI IN LIDIJA BAÈIÆ";"Wed, 08/14/2019 19:00";"1";"SVN - OK NOV";"No"
"7";"Kodaly godalni kvartet, Gabor Varga, klarinet";"941";"Narodna galerija";"Ljubljana";"10005";"80:Festival Ljubljana";"80:Eventim Si d.o.o.";"Kodaly godalni kvartet";"Tue, 08/13/2019 20:00";"1";"Festival Ljubljana";"No"
"54";"37. Festival Radovljica 2019: ISAAC POSCH: HARMONIA CONCERTANS";"235";"Radovljiška grašèina";"Radovljica";"10278";"80:Društvo ljubiteljev stare glasbe Radovljica";"80:Eventim Si d.o.o.";"ISAAC POSCH: HARMONIA CONCERTANS";"Tue, 08/13/2019 20:00";"1";"SVN - OK NOV";"No"
"44";"TrNOVfest - Crvena jabuka & Seven Days in May";"1161";"Center Slovanskih Kultur France Prešeren";"Ljubljana";"11603";"80:DRUSTVO TRNFEST";"80:Eventim Si d.o.o.";"Crvena jabuka & Seven Days in May";"Tue, 08/13/2019 20:00";"1";"SVN - OK NOV";"No"
"660";"FOO FIGHTERS+TWENTY ONE PILOTS/ Sziget(Budimpešta) vstopnica+prevoz";"171";"VOUCHER";"Vstopnica za koncert/prevoz/vodenje";"10007";"80:CONCERT FREAK, TADEJ KOŠMERL S.P.";"80:Eventim Si d.o.o.";"FOO FIGHTERS/TWENTY ONE PILOTS-Sziget";"Tue, 08/13/2019 07:00";"0";"ET_SVN_PREVOZI";"No"
"343";"Bernardo Brizani, violonèelo";"79";"KRIŽANKE";"Ljubljana";"10005";"80:Festival Ljubljana";"80:Eventim Si d.o.o.";"Bernardo Brizani, violonèelo";"Mon, 08/12/2019 20:00";"1";"Festival Ljubljana";"No"
"43";"TrNOVfest - Drill & Emkej & muzièari";"1161";"Center Slovanskih Kultur France Prešeren";"Ljubljana";"11603";"80:DRUSTVO TRNFEST";"80:Eventim Si d.o.o.";"Drill & Emkej & muzièari";"Mon, 08/12/2019 20:00";"1";"SVN - OK NOV";"No"
"683";"FLORENCE+THE MACHINE/ Sziget(Budimpešta) vstopnica+prevoz";"171";"VOUCHER";"Vstopnica za koncert/prevoz/vodenje";"10007";"80:CONCERT FREAK, TADEJ KOŠMERL S.P.";"80:Eventim Si d.o.o.";"FLORENCE + THE MACHINE";"Mon, 08/12/2019 07:00";"0";"ET_SVN_PREVOZI";"No"
"6";"PIKNIK KINO: ŠUND";"1193";"Veslaški center Mala Zaka";"Bled";"11623";"80:KULTURNO DRUŠTVO KGB";"80:Eventim Si d.o.o.";"PIKNIK KINO";"Sun, 08/11/2019 21:00";"1";"SVN - OK NOV";"No"
"53";"37. Festival Radovljica 2019: JOSQUIN DESPREZ ZA GLAS IN LUTNJO";"235";"Radovljiška grašèina";"Radovljica";"10278";"80:Društvo ljubiteljev stare glasbe Radovljica";"80:Eventim Si d.o.o.";"JOSQUIN DESPREZ ZA GLAS IN LUTNJO";"Sun, 08/11/2019 20:00";"1";"SVN - OK NOV";"No"
"39";"Konjeniški šov z Magnificent Maelle";"593";"KOBILARNA LIPICA";"Sežana";"11015";"80:Holding Kobilarna Lipica, d.o.o.";"80:Eventim Si d.o.o.";"Konjeniški šov z Magnificent Maelle";"Sun, 08/11/2019 15:00";"1";"SVN - OK NOV";"No"
"684";"POST MALONE/ Sziget(Budimpešta) vstopnica+prevoz";"171";"VOUCHER";"Vstopnica za koncert/prevoz/vodenje";"10007";"80:CONCERT FREAK, TADEJ KOŠMERL S.P.";"80:Eventim Si d.o.o.";"POST MALONE/Sziget";"Sun, 08/11/2019 07:00";"0";"ET_SVN_PREVOZI";"No"
"337";"NINA PUŠLAR GRAD MURSKA SOBOTA";"1166";"GRAD MURSKA SOBOTA";"Murska Sobota";"11573";"80:AGENCIJA URAN d.o.o.";"80:Eventim Si d.o.o.";"NINA PUŠLAR GRAD MURSKA SOBOTA";"Sat, 08/10/2019 21:00";"1";"ET_SVN-veliki logo";"No"
"5";"PIKNIK KINO: HITRI IN DRZNI: HOBBS IN SHAW";"1193";"Veslaški center Mala Zaka";"Bled";"11623";"80:KULTURNO DRUŠTVO KGB";"80:Eventim Si d.o.o.";"PIKNIK KINO";"Sat, 08/10/2019 21:00";"1";"SVN - OK NOV";"No"
"52";"37. Festival Radovljica 2019: KONCERTI ANTONIA VIVALDIJA IN SODOBNIKOV";"235";"Radovljiška grašèina";"Radovljica";"10278";"80:Društvo ljubiteljev stare glasbe Radovljica";"80:Eventim Si d.o.o.";"KONCERTI ANTONIA VIVALDIJA IN SODOBNIKOV";"Sat, 08/10/2019 20:00";"1";"SVN - OK NOV";"No"
"42";"TrNOVfest - John F. Doe & E-play";"1161";"Center Slovanskih Kultur France Prešeren";"Ljubljana";"11603";"80:DRUSTVO TRNFEST";"80:Eventim Si d.o.o.";"John F. Doe & E-play";"Sat, 08/10/2019 20:00";"1";"SVN - OK NOV";"No"
"38";"Konjeniški šov z Magnificent Maelle";"593";"KOBILARNA LIPICA";"Sežana";"11015";"80:Holding Kobilarna Lipica, d.o.o.";"80:Eventim Si d.o.o.";"Konjeniški šov z Magnificent Maelle";"Sat, 08/10/2019 15:00";"1";"SVN - OK NOV";"No"
"2";"iAM Party presents: NAKADIA";"1187";"Coco Cafe";"Portorož";"11499";"80:AM Agencija d.o.o.";"80:Eventim Si d.o.o.";"iAM Party presents: NAKADIA";"Fri, 08/09/2019 22:00";"1";"SVN - OK NOV";"No"
"335";"NINA PUŠLAR GRAD BREŽICE";"174";"Grad Brežice";"Brežice";"11573";"80:AGENCIJA URAN d.o.o.";"80:Eventim Si d.o.o.";"NINA PUŠLAR GRAD BREŽICE";"Fri, 08/09/2019 21:00";"1";"ET_SVN-veliki logo";"No"
"344";"Mednarodni ansambel Il Terzo Suono";"79";"KRIŽANKE";"Ljubljana";"10005";"80:Festival Ljubljana";"80:Eventim Si d.o.o.";"Mednarodni ansambel Il Terzo Suono";"Fri, 08/09/2019 20:00";"1";"Festival Ljubljana";"No"
"1";"SEVERINA IN MODRIJANI";"1182";"Nogometno igrišèe Juršinci";"Juršinci";"11633";"80:ŠPORTNO DRUŠTVO JURŠINCI";"80:Eventim Si d.o.o.";"SEVERINA IN MODRIJANI";"Fri, 08/09/2019 20:00";"1";"ET_SVN-veliki logo";"No"
"41";"TrNOVfest - Nipke & N'toko";"1161";"Center Slovanskih Kultur France Prešeren";"Ljubljana";"11603";"80:DRUSTVO TRNFEST";"80:Eventim Si d.o.o.";"Nipke & N'toko";"Fri, 08/09/2019 20:00";"1";"SVN - OK NOV";"No"
"37";"Konjeniški šov z Magnificent Maelle";"593";"KOBILARNA LIPICA";"Sežana";"11015";"80:Holding Kobilarna Lipica, d.o.o.";"80:Eventim Si d.o.o.";"Konjeniški šov z Magnificent Maelle";"Fri, 08/09/2019 15:00";"1";"SVN - OK NOV";"No"
"1";"Hi Festival: Reveal your True Colors";"1176";"Ojstro";"Hrastnik";"11394";"80:EVENT24 d. o. o.";"80:Eventim Si d.o.o.";"Hi Festival: Reveal your True Colors";"Fri, 08/09/2019 10:00";"1";"ET_SVN-veliki logo";"Yes"
"7";"PIKNIK KINO: Zvezda je rojena";"1193";"Veslaški center Mala Zaka";"Bled";"11623";"80:KULTURNO DRUŠTVO KGB";"80:Eventim Si d.o.o.";"PIKNIK KINO";"Thu, 08/08/2019 21:00";"1";"SVN - OK NOV";"No"
"6";"Vadym Kholodenko - klavir, Alena Baeva - violina";"941";"Narodna galerija";"Ljubljana";"10005";"80:Festival Ljubljana";"80:Eventim Si d.o.o.";"Vadym Kholodenko, klavir";"Thu, 08/08/2019 20:00";"1";"Festival Ljubljana";"No"
"40";"TrNOVfest - Manouche & Glam Night";"1161";"Center Slovanskih Kultur France Prešeren";"Ljubljana";"11603";"80:DRUSTVO TRNFEST";"80:Eventim Si d.o.o.";"Manouche & Glam Night";"Thu, 08/08/2019 20:00";"1";"SVN - OK NOV";"No"
"17";"DITKA";"1070";"Pokrajinski muzej Koper";"Koper";"10693";"80:Agencija Easy";"80:Eventim Si d.o.o.";"Poletje z biseri / Perle d'estate 2019";"Wed, 08/07/2019 21:00";"1";"SVN - OK NOV";"No"
"9";"PIKNIK KINO: HITRI IN DRZNI: HOBBS IN SHAW";"1194";"BTC, VODNO MESTO ATLANTIS";"LJUBLJANA";"11623";"80:KULTURNO DRUŠTVO KGB";"80:Eventim Si d.o.o.";"PIKNIK KINO";"Wed, 08/07/2019 21:00";"1";"SVN - OK NOV";"No"
"75";"DARJA ŠVAJGER in pianist Jaka Pucihar - Glasbeni veèeri pod grajsko lipo 2019";"210";"Letno gledališèe Khislstein";"Kranj";"11479";"80:DreamArt d.o.o.";"80:Eventim Si d.o.o.";"DARJA ŠVAJGER in pianist Jaka Pucihar";"Wed, 08/07/2019 20:30";"1";"ET_SVN-veliki logo";"No"
"342";"Vadym Kholodenko, klavir";"79";"KRIŽANKE";"Ljubljana";"10005";"80:Festival Ljubljana";"80:Eventim Si d.o.o.";"Vadym Kholodenko, klavir";"Wed, 08/07/2019 20:00";"1";"Festival Ljubljana";"No"
"39";"TrNOVfest - Noctiferia & Kiwi Flash";"1161";"Center Slovanskih Kultur France Prešeren";"Ljubljana";"11603";"80:DRUSTVO TRNFEST";"80:Eventim Si d.o.o.";"Noctiferia & Kiwi Flash";"Wed, 08/07/2019 20:00";"1";"SVN - OK NOV";"No"
"659";"ED SHEERAN/ Sziget(Budimpešta) vstopnica+prevoz";"171";"VOUCHER";"Vstopnica za koncert/prevoz/vodenje";"10007";"80:CONCERT FREAK, TADEJ KOŠMERL S.P.";"80:Eventim Si d.o.o.";"ED SHEERAN - Sziget";"Wed, 08/07/2019 07:00";"0";"ET_SVN_PREVOZI";"No"
"13";"PIKNIK KINO: RAZISKOVALKA DORA, premiera";"1194";"BTC, VODNO MESTO ATLANTIS";"LJUBLJANA";"11623";"80:KULTURNO DRUŠTVO KGB";"80:Eventim Si d.o.o.";"PIKNIK KINO";"Tue, 08/06/2019 21:00";"1";"SVN - OK NOV";"No"
"5";"Slike z razstave, Kitara: Mak Grgiè";"941";"Narodna galerija";"Ljubljana";"10005";"80:Festival Ljubljana";"80:Eventim Si d.o.o.";"Slike z razstave, Kitara: Mak Grgiè";"Tue, 08/06/2019 20:00";"1";"Festival Ljubljana";"No"
"38";"TrNOVfest - Zabranjeno pušenje & Imperij";"1161";"Center Slovanskih Kultur France Prešeren";"Ljubljana";"11603";"80:DRUSTVO TRNFEST";"80:Eventim Si d.o.o.";"Zabranjeno pušenje & Imperij";"Tue, 08/06/2019 20:00";"1";"SVN - OK NOV";"No"
"36";"Konjeniški šov z Magnificent Maelle";"593";"KOBILARNA LIPICA";"Sežana";"11015";"80:Holding Kobilarna Lipica, d.o.o.";"80:Eventim Si d.o.o.";"Konjeniški šov z Magnificent Maelle";"Tue, 08/06/2019 15:00";"1";"SVN - OK NOV";"No"
"8";"PIKNIK KINO: HITRI IN DRZNI: HOBBS IN SHAW";"1194";"BTC, VODNO MESTO ATLANTIS";"LJUBLJANA";"11623";"80:KULTURNO DRUŠTVO KGB";"80:Eventim Si d.o.o.";"PIKNIK KINO";"Mon, 08/05/2019 21:00";"1";"SVN - OK NOV";"No"
"349";"Koncert prof. trobente Mozart con Tromba";"941";"Narodna galerija";"Ljubljana";"10005";"80:Festival Ljubljana";"80:Eventim Si d.o.o.";"Koncert prof. trobente Mozart con Tromba";"Mon, 08/05/2019 20:00";"1";"Festival Ljubljana";"No"
"37";"TrNOVfest - Moonlight Sky & DaBlaBlues + DJ Iggy";"1161";"Center Slovanskih Kultur France Prešeren";"Ljubljana";"11603";"80:DRUSTVO TRNFEST";"80:Eventim Si d.o.o.";"Moonlight Sky & DaBlaBlues + DJ Iggy";"Mon, 08/05/2019 20:00";"1";"SVN - OK NOV";"No"
"145";"NK Olimpija Ljubljana : NK Triglav Kranj";"68";"Stadion Stožice";"Ljubljana";"10283";"80:FC OLIMPIJA d.o.o.";"80:Eventim Si d.o.o.";"NK OLIMPIJA - SEZONA 2019/2020";"Sun, 08/04/2019 20:15";"1";"ET_SVN-veliki logo";"No"
"35";"TrNOVfest - Party, Douchean & Lim Nylon & Ofnana_pesa";"1161";"Center Slovanskih Kultur France Prešeren";"Ljubljana";"11603";"80:DRUSTVO TRNFEST";"80:Eventim Si d.o.o.";"Douchean & Lim Nylon & Ofnana_pesa";"Sun, 08/04/2019 20:00";"1";"SVN - OK NOV";"No"
"35";"Konjeniški šov z Magnificent Maelle";"593";"KOBILARNA LIPICA";"Sežana";"11015";"80:Holding Kobilarna Lipica, d.o.o.";"80:Eventim Si d.o.o.";"Konjeniški šov z Magnificent Maelle";"Sun, 08/04/2019 15:00";"1";"SVN - OK NOV";"No"
"10";"PIKNIK KINO: LEVJI KRALJ, podnapisi";"1075";"Plaža BERNARDIN";"Portorož";"11623";"80:KULTURNO DRUŠTVO KGB";"80:Eventim Si d.o.o.";"PIKNIK KINO";"Sat, 08/03/2019 21:00";"1";"SVN - OK NOV";"No"
"34";"TrNOVfest - Bohem & Up n' Downs";"1161";"Center Slovanskih Kultur France Prešeren";"Ljubljana";"11603";"80:DRUSTVO TRNFEST";"80:Eventim Si d.o.o.";"Bohem & Up n' Downs";"Sat, 08/03/2019 20:00";"1";"SVN - OK NOV";"No"
"34";"Konjeniški šov z Magnificent Maelle";"593";"KOBILARNA LIPICA";"Sežana";"11015";"80:Holding Kobilarna Lipica, d.o.o.";"80:Eventim Si d.o.o.";"Konjeniški šov z Magnificent Maelle";"Sat, 08/03/2019 15:00";"1";"SVN - OK NOV";"No"
"8";"PIKNIK KINO: HITRI IN DRZNI: HOBBS IN SHAW";"1075";"Plaža BERNARDIN";"Portorož";"11623";"80:KULTURNO DRUŠTVO KGB";"80:Eventim Si d.o.o.";"PIKNIK KINO";"Fri, 08/02/2019 21:00";"1";"SVN - OK NOV";"No"
"5";"SIMFONIÈNI ORKESTER GIOVANE, ŠVICA";"1164";"ŽIÈKA KARTUZIJA";"Loèe";"11397";"80:SK Slovenske Konjice";"80:Eventim Si d.o.o.";"SIMFONIÈNI ORKESTER GIOVANE, ŠVICA";"Fri, 08/02/2019 20:30";"1";"ET_SVN-veliki logo";"No"
"33";"TrNOVfest - Rambo Amadeus and Five Winnetous & Le Serpentine";"1161";"Center Slovanskih Kultur France Prešeren";"Ljubljana";"11603";"80:DRUSTVO TRNFEST";"80:Eventim Si d.o.o.";"Rambo Amadeus and Five Winnetous & Le...";"Fri, 08/02/2019 20:00";"1";"SVN - OK NOV";"No"
"33";"Konjeniški šov z Magnificent Maelle";"593";"KOBILARNA LIPICA";"Sežana";"11015";"80:Holding Kobilarna Lipica, d.o.o.";"80:Eventim Si d.o.o.";"Konjeniški šov z Magnificent Maelle";"Fri, 08/02/2019 15:00";"1";"SVN - OK NOV";"No"
"4";"LAIBACH";"433";"Letni Kino ARRIGONI";"Izola";"11303";"80:CENTER ZA KULTURO, ŠPORT IN PRIREDITVE IZOLA";"80:Eventim Si d.o.o.";"LAIBACH";"Thu, 08/01/2019 21:30";"1";"SVN - OK NOV";"No"
"2";"PIKNIK KINO: HITRI IN DRZNI: HOBBS IN SHAW, premiera";"408";"Plaža San Simon Izola";"Izola";"11623";"80:KULTURNO DRUŠTVO KGB";"80:Eventim Si d.o.o.";"PIKNIK KINO";"Thu, 08/01/2019 21:00";"1";"SVN - OK NOV";"No"
"10";"Komorni orkester Milanske Scale";"941";"Narodna galerija";"Ljubljana";"10005";"80:Festival Ljubljana";"80:Eventim Si d.o.o.";"Komorni orkester Milanske Scale";"Thu, 08/01/2019 20:00";"1";"Festival Ljubljana";"No"
"32";"TrNOVfest - Hamo & Tribute 2 Love + Buržuazija";"1161";"Center Slovanskih Kultur France Prešeren";"Ljubljana";"11603";"80:DRUSTVO TRNFEST";"80:Eventim Si d.o.o.";"Hamo & Tribute 2 Love + Buržuazija";"Thu, 08/01/2019 20:00";"1";"SVN - OK NOV";"No"
"144";"NK Olimpija Ljubljana : Yeni Malatyaspor";"68";"Stadion Stožice";"Ljubljana";"10283";"80:FC OLIMPIJA d.o.o.";"80:Eventim Si d.o.o.";"NK OLIMPIJA - SEZONA 2019/2020";"Thu, 08/01/2019 20:00";"1";"ET_SVN-veliki logo";"No"
"61";"TrNOVfest 2019 - MESEÈNA VSTOPNICA";"1161";"Center Slovanskih Kultur France Prešeren";"Ljubljana";"11603";"80:DRUSTVO TRNFEST";"80:Eventim Si d.o.o.";"TrNOVfest 2019 - MESEÈNA VSTOPNICA";"Thu, 08/01/2019 20:00";"1";"SVN - OK NOV";"Yes"
"7";"NK OLIMPIJA - POLETNI ZELENI PAKET-za najmlajše";"748";"ARTIKLI";"";"10283";"80:FC OLIMPIJA d.o.o.";"80:Eventim Si d.o.o.";"NK OLIMPIJA - POLETNI ZELENI PAKET";"Wed, 07/31/2019 23:59";"1";"ARTIKLI z 22% DDV";"No"
"16";"NESESARI KAKALULU IN JURE LESAR S SKUPINO";"1070";"Pokrajinski muzej Koper";"Koper";"10693";"80:Agencija Easy";"80:Eventim Si d.o.o.";"Poletje z biseri / Perle d'estate 2019";"Wed, 07/31/2019 21:00";"1";"SVN - OK NOV";"No"
"74";"TERRAFOLK - Glasbeni veèeri pod grajsko lipo 2019";"210";"Letno gledališèe Khislstein";"Kranj";"11479";"80:DreamArt d.o.o.";"80:Eventim Si d.o.o.";"TERRAFOLK";"Wed, 07/31/2019 20:30";"1";"ET_SVN-veliki logo";"No"
"4";"Deklica in smrt, Sopran: Nika Goriè";"941";"Narodna galerija";"Ljubljana";"10005";"80:Festival Ljubljana";"80:Eventim Si d.o.o.";"Deklica in smrt, Sopran: Nika Goriè";"Wed, 07/31/2019 20:00";"1";"Festival Ljubljana";"No"
"11";"CASTLE FESTIVAL 2019 - PREVOZI";"1023";"Fara";"Kostel";"11418";"80:INTRALITE d.o.o.";"80:Eventim Si d.o.o.";"Z NOMAGO NA CASTLE FESTIVAL 2019";"Wed, 07/31/2019 13:00";"1";"SVN - prevozi";"Yes"
"12";"CASTLE FESTIVAL 2019 - Enodnevne vstopnice";"1023";"Fara";"Kostel";"11418";"80:INTRALITE d.o.o.";"80:Eventim Si d.o.o.";"CASTLE FESTIVAL 2019";"Wed, 07/31/2019 12:01";"1";"SVN - OK 2018";"Yes"
"6";"CASTLE FESTIVAL 2019 - FESTIVALSKA VSTOPNICA";"1023";"Fara";"Kostel";"11418";"80:INTRALITE d.o.o.";"80:Eventim Si d.o.o.";"CASTLE FESTIVAL 2019";"Wed, 07/31/2019 12:00";"1";"SVN - OK 2018";"Yes"
"7";"CASTLE - CAMP STANDARD";"1023";"Fara";"Kostel";"11418";"80:INTRALITE d.o.o.";"80:Eventim Si d.o.o.";"CASTLE - CAMP STANDARD";"Wed, 07/31/2019 12:00";"0";"SVN - OK 2018";"Yes"
"8";"CASTLE - CAMP COMFORT - RAZPRODANO";"1023";"Fara";"Kostel";"11418";"80:INTRALITE d.o.o.";"80:Eventim Si d.o.o.";"CASTLE - CAMP COMFORT";"Wed, 07/31/2019 12:00";"5";"SVN - OK 2018";"Yes"
"9";"CASTLE - CAMP PREMIUM - RAZPRODANO";"1023";"Fara";"Kostel";"11418";"80:INTRALITE d.o.o.";"80:Eventim Si d.o.o.";"CASTLE - CAMP PREMIUM";"Wed, 07/31/2019 12:00";"5";"SVN - OK 2018";"Yes"
"10";"CASTLE - CAMP GLAMPING - RAZPRODANO!";"1023";"Fara";"Kostel";"11418";"80:INTRALITE d.o.o.";"80:Eventim Si d.o.o.";"CASTLE - CAMP GLAMPING";"Wed, 07/31/2019 12:00";"5";"SVN - OK 2018";"Yes"
"337";"Gruzijski komorni orkester Ingolstadt";"67";"Slovenska filharmonija";"Ljubljana";"10005";"80:Festival Ljubljana";"80:Eventim Si d.o.o.";"Gruzijski komorni orkester Ingolstadt";"Tue, 07/30/2019 20:00";"1";"Festival Ljubljana";"No"
"79";"Bronja Žakelj";"1189";"Lutkovno gledališèe Maribor";"Maribor";"11431";"80:ÈASNIK VEÈER d.o.o.";"80:Eventim Si d.o.o.";"Bronja Žakelj";"Tue, 07/30/2019 18:00";"1";"SVN - OK NOV";"No"
"32";"Konjeniški šov z Magnificent Maelle";"593";"KOBILARNA LIPICA";"Sežana";"11015";"80:Holding Kobilarna Lipica, d.o.o.";"80:Eventim Si d.o.o.";"Konjeniški šov z Magnificent Maelle";"Tue, 07/30/2019 15:00";"1";"SVN - OK NOV";"No"
"345";"Komorni godalni ork. Slo. filharmonije, Avi Avital, mandolina";"941";"Narodna galerija";"Ljubljana";"10005";"80:Festival Ljubljana";"80:Eventim Si d.o.o.";"Komorni godalni ork. Slo. filharmonije";"Mon, 07/29/2019 20:00";"1";"Festival Ljubljana";"No"
"358";"Koncerti študentov Mojstrskih teèajev - oboa";"39";"Konservatorij za glasbo in balet";"Ljubljana";"10005";"80:Festival Ljubljana";"80:Eventim Si d.o.o.";"Koncert študentov Mojstrskih teèajev";"Sun, 07/28/2019 18:00";"1";"FL - prost vstop";"No"
"31";"Konjeniški šov z Magnificent Maelle";"593";"KOBILARNA LIPICA";"Sežana";"11015";"80:Holding Kobilarna Lipica, d.o.o.";"80:Eventim Si d.o.o.";"Konjeniški šov z Magnificent Maelle";"Sun, 07/28/2019 15:00";"1";"SVN - OK NOV";"No"
"46";"TABU AKUSTIK - SLO";"195";"Minoritski samostan";"Ptuj";"10617";"80:Društvo za glasbeno umetnost Arsana";"80:Eventim Si d.o.o.";"TABU AKUSTIK (SLO)";"Sat, 07/27/2019 21:30";"1";"ET_SVN-veliki logo";"No"
"2";"SHOD NA BAÈU - SIDDHARTA, BIG FOOT MAMA";"1064";"BAÈ";"KNEŽAK";"11465";"80:DRUŠTVO BAÈKE MLADINE";"80:Eventim Si d.o.o.";"SHOD NA BAÈU - SIDDHARTA, BIG FOOT MAMA";"Sat, 07/27/2019 21:00";"1";"ET_SVN-logo naslov2";"No"
"3";"PIKNIK KINO: LEVJI KRALJ, podnapisi";"1193";"Veslaški center Mala Zaka";"Bled";"11623";"80:KULTURNO DRUŠTVO KGB";"80:Eventim Si d.o.o.";"PIKNIK KINO";"Sat, 07/27/2019 21:00";"1";"SVN - OK NOV";"No"
"84";"Boris Kobal";"449";"Peèine";"Slap ob Idrijci";"11059";"80:POUHNA LUNA, Mitja Kovaèiè s.p.";"80:Eventim Si d.o.o.";"Boris Kobal";"Sat, 07/27/2019 20:00";"1";"ET_SVN-veliki logo";"No"
"29";"PRLJAVO KAZALIŠTE";"420";"Kopališèe Ljutomer";"Ljutomer";"11220";"80:ŠIC d.o.o.";"80:Eventim Si d.o.o.";"PRLJAVO KAZALIŠTE";"Sat, 07/27/2019 20:00";"1";"SVN - OK NOV";"No"
"59";"SFERA EBBASTA in Concert";"1154";"BAR ÈOLNARNA SOLKAN";"SOLKAN";"11400";"80:MR-GO Gostinstvo d.o.o.";"80:Eventim Si d.o.o.";"SFERA EBBASTA in Concert";"Sat, 07/27/2019 18:00";"1";"ET_SVN-veliki logo";"No"
"357";"Koncerti študentov Mojstrskih teèajev - klavir";"39";"Konservatorij za glasbo in balet";"Ljubljana";"10005";"80:Festival Ljubljana";"80:Eventim Si d.o.o.";"Koncerti študentov Mojstrskih teèajev";"Sat, 07/27/2019 18:00";"1";"FL - prost vstop";"No"
"30";"Konjeniški šov z Magnificent Maelle";"593";"KOBILARNA LIPICA";"Sežana";"11015";"80:Holding Kobilarna Lipica, d.o.o.";"80:Eventim Si d.o.o.";"Konjeniški šov z Magnificent Maelle";"Sat, 07/27/2019 15:00";"1";"SVN - OK NOV";"No"
"47";"QUEEN REAL TRIBUTE BAND";"195";"Minoritski samostan";"Ptuj";"10617";"80:Društvo za glasbeno umetnost Arsana";"80:Eventim Si d.o.o.";"QUEEN REAL TRIBUTE BAND";"Fri, 07/26/2019 21:30";"1";"ET_SVN-veliki logo";"No"
"4";"PIKNIK KINO: Bohemian Rhapsody";"1193";"Veslaški center Mala Zaka";"Bled";"11623";"80:KULTURNO DRUŠTVO KGB";"80:Eventim Si d.o.o.";"PIKNIK KINO";"Fri, 07/26/2019 21:00";"1";"SVN - OK NOV";"No"
"4";"17. FLOSFEST - Siddharta, Kingston, Parni Valjak, Pop Design";"514";"Prireditveni prostor Vrbje - Ljubno ob Savinji";"Ljubno ob savinji";"10578";"80:Klub Zgornjesavinjskih študentov";"80:Eventim Si d.o.o.";"17. FLOSFEST";"Fri, 07/26/2019 20:00";"1";"SVN - OK NOV";"Yes"
"356";"Koncerti študentov Mojstrskih teèajev - violina";"39";"Konservatorij za glasbo in balet";"Ljubljana";"10005";"80:Festival Ljubljana";"80:Eventim Si d.o.o.";"Koncerti študentov Mojstrskih teèajev";"Fri, 07/26/2019 18:00";"1";"FL - prost vstop";"No"
"151";"METALDAYS FESTIVAL 2019 - 26.7.2019";"114";"Sotoèje, Tolmin";"Tolmin";"11097";"80:ARTFEST d.o.o.";"80:Eventim Si d.o.o.";"METALDAYS FESTIVAL 2019";"Fri, 07/26/2019 12:00";"1";"Metaldays";"No"
"2";"PIKNIK KINO: Briljantina";"1193";"Veslaški center Mala Zaka";"Bled";"11623";"80:KULTURNO DRUŠTVO KGB";"80:Eventim Si d.o.o.";"PIKNIK KINO";"Thu, 07/25/2019 21:00";"1";"SVN - OK NOV";"No"
"45";"Boštjan Gombaè & All star orchestra";"195";"Minoritski samostan";"Ptuj";"10617";"80:Društvo za glasbeno umetnost Arsana";"80:Eventim Si d.o.o.";"Boštjan Gombaè & All star orchestra";"Thu, 07/25/2019 20:30";"1";"ET_SVN-veliki logo";"No"
"348";"Aleksandar Madžar";"941";"Narodna galerija";"Ljubljana";"10005";"80:Festival Ljubljana";"80:Eventim Si d.o.o.";"Aleksandar Madžar";"Thu, 07/25/2019 20:00";"1";"Festival Ljubljana";"No"
"150";"METALDAYS FESTIVAL 2019 - 25.7.2019";"114";"Sotoèje, Tolmin";"Tolmin";"11097";"80:ARTFEST d.o.o.";"80:Eventim Si d.o.o.";"METALDAYS FESTIVAL 2019";"Thu, 07/25/2019 12:00";"1";"Metaldays";"No"
"15";"ALBA & LEO";"1070";"Pokrajinski muzej Koper";"Koper";"10693";"80:Agencija Easy";"80:Eventim Si d.o.o.";"Poletje z biseri / Perle d'estate 2019";"Wed, 07/24/2019 21:00";"1";"SVN - OK NOV";"No"
"73";"THE POCKET ENSEMBLE - Glasbeni veèeri pod grajsko lipo 2019";"210";"Letno gledališèe Khislstein";"Kranj";"11479";"80:DreamArt d.o.o.";"80:Eventim Si d.o.o.";"THE POCKET ENSEMBLE";"Wed, 07/24/2019 20:30";"1";"ET_SVN-veliki logo";"No"
"48";"MUZIKAL DOMIŠLJIJE IZ HARMONIJE";"195";"Minoritski samostan";"Ptuj";"10617";"80:Društvo za glasbeno umetnost Arsana";"80:Eventim Si d.o.o.";"MUZIKAL DOMIŠLJIJE IZ HARMONIJE";"Wed, 07/24/2019 20:30";"1";"ET_SVN-veliki logo";"No"
"347";"Koncert profesorjev godal";"941";"Narodna galerija";"Ljubljana";"10005";"80:Festival Ljubljana";"80:Eventim Si d.o.o.";"Koncert profesorjev godal";"Wed, 07/24/2019 20:00";"1";"Festival Ljubljana";"No"
"149";"METALDAYS FESTIVAL 2019 - 24.7.2019";"114";"Sotoèje, Tolmin";"Tolmin";"11097";"80:ARTFEST d.o.o.";"80:Eventim Si d.o.o.";"METALDAYS FESTIVAL 2019";"Wed, 07/24/2019 12:00";"1";"Metaldays";"No"
"146";"METALDAYS FESTIVAL 2019 - TRIDNEVNA -24.7. do 26.7.2019";"114";"Sotoèje, Tolmin";"Tolmin";"11097";"80:ARTFEST d.o.o.";"80:Eventim Si d.o.o.";"METALDAYS FESTIVAL 2019";"Wed, 07/24/2019 11:55";"1";"Metaldays";"Yes"
"650";"PINK (Dunaj) vstopnica+prevoz";"171";"VOUCHER";"Vstopnica za koncert/prevoz/vodenje";"10007";"80:CONCERT FREAK, TADEJ KOŠMERL S.P.";"80:Eventim Si d.o.o.";"PINK";"Wed, 07/24/2019 09:00";"5";"ET_SVN_PREVOZI";"No"
"145";"METALDAYS FESTIVAL 2019 - TRIDNEVNA -23.7. do 25.7.2019";"114";"Sotoèje, Tolmin";"Tolmin";"11097";"80:ARTFEST d.o.o.";"80:Eventim Si d.o.o.";"METALDAYS FESTIVAL 2019";"Tue, 07/23/2019 11:55";"1";"Metaldays";"Yes"
"144";"METALDAYS FESTIVAL 2019 - TRIDNEVNA -22.7. do 24.7.2019";"114";"Sotoèje, Tolmin";"Tolmin";"11097";"80:ARTFEST d.o.o.";"80:Eventim Si d.o.o.";"METALDAYS FESTIVAL 2019";"Mon, 07/22/2019 11:55";"1";"Metaldays";"Yes"
"142";"METALDAYS FESTIVAL 2019 - FESTIVALSKA";"114";"Sotoèje, Tolmin";"Tolmin";"11097";"80:ARTFEST d.o.o.";"80:Eventim Si d.o.o.";"METALDAYS FESTIVAL 2019";"Sun, 07/21/2019 12:00";"1";"Metaldays";"Yes"
"5";"CASTLE FESTIVAL + ŠVIC FESTIVAL";"1186";"RAZLIÈNA PRIZORIŠÈA - CASTLE+ŠVIC";"";"11418";"80:INTRALITE d.o.o.";"80:Eventim Si d.o.o.";"CASTLE festival + ŠVIC festival";"Fri, 07/05/2019 17:00";"1";"SVN 2019";"Yes"
"7";"BAZEN BRESTANICA - SEZONSKA KARTA 2019";"131";"Bazen Brestanica";"Brestanica";"10141";"80:Mladinski center Krško";"80:Eventim Si d.o.o.";"BAZEN BRESTANICA - SEZONSKA KARTA 2019";"Sun, 06/09/2019 00:00";"1";"personalizacija SŽ pl";"Yes"
"585";"BON: PAKET ZA SMEH - ŠPAS TEATER";"83";"Kulturni dom Mengeš - Špas Teater";"Mengeš";"10163";"80:KD ŠPAS TEATER";"80:Eventim Si d.o.o.";"BON: PAKET ZA SMEH - ŠPAS TEATER";"Mon, 06/03/2019 23:59";"1";"ET_SVN-veliki logo";"Yes"
"4";"CASTLE FESTIVAL + GORA ROCKA";"364";"RAZLIÈNA PRIZORIŠÈA";"";"11418";"80:INTRALITE d.o.o.";"80:Eventim Si d.o.o.";"CASTLE FESTIVAL + GORA ROCKA";"Wed, 05/08/2019 17:00";"1";"SVN 2019";"Yes"
"13";"LETNA VSTOPNICA ZA ZOO LJUBLJANA 2019";"622";"ZOO Ljubljana";"Ljubljana";"11050";"80:ŽIVALSKI VRT LJUBLJANA";"80:Eventim Si d.o.o.";"LETNA VSTOPNICA ZA ZOO LJUBLJANA 2019";"Tue, 01/01/2019 00:00";"1";"ET_SVN-veliki logo";"Yes"
"247";"Darilni bon - samo za organizatorja";"79";"KRIŽANKE";"Ljubljana";"10005";"80:Festival Ljubljana";"80:Eventim Si d.o.o.";"Darilni bon - 66. LF";"Mon, 12/31/2018 00:00";"0";"LF-darilni bon";"Yes"
"246";"Darilni bon - 66. Ljubljana Festival";"79";"KRIŽANKE";"Ljubljana";"10005";"80:Festival Ljubljana";"80:Eventim Si d.o.o.";"Darilni bon - 66. LF";"Sun, 09/30/2018 00:00";"6";"LF-darilni bon";"Yes"
"431";"HK SŽ Olimpija SEZONA 2018 / 2019";"1000";"Dvorana Tivoli";"Ljubljana";"10040";"80:HK Olimpija d.o.o";"80:Eventim Si d.o.o.";"HK SŽ Olimpija SEZONA 2018 / 2019";"Thu, 08/16/2018 00:00";"1";"personalizacija SŽ pl";"Yes"
"302";"AKREDITACIJE 2020 - TEST";"1";"Dvorana Stožice";"Ljubljana";"10002";"80:Eventim Si d.o.o.";"80:Eventim Si d.o.o.";"TEST AKREDITACIJE 2036";"Mon, 01/30/2017 00:00";"0";"ET_SVN_Stožice-velik";"Yes"
"1";"Thermana Laško - vrednostni darilni bon";"50";"VREDNOSTNI DARILNI BON";"-";"10536";"80: Test promoter";"80:Eventim Si d.o.o.";"Thermana Laško - vrednostni darilni bon";"Mon, 12/14/2015 13:17";"2";"DARILNI BON -DENAR";"Yes"
